ts_ms,kind,op_id,trait,latency_ms,status,fuel_left,fuel_total,mem_pages_used,mem_pages_limit,ok_count_moving,rss_kb
1787493396000,normal,sha_64B_em,normal,0,ok,inf,inf,1,inf,1,31348
1787493396000,normal,grep_8k,normal,1,ok,inf,inf,2,inf,2,31364
1787493396001,mal,inf_loop_cpu,mal,30,trap_soft_timeout,inf,inf,1,inf,2,35700
1787493396031,mal,stack_blow,mal,7,trap_oom_crash,inf,inf,0,inf,2,36864
1787493396038,normal,kmeans_iter_64,normal,1,ok,inf,inf,2,inf,3,36876
1787493396039,mal,inf_loop_cpu,mal,31,trap_soft_timeout,inf,inf,1,inf,3,36948
1787493396071,normal,kmeans_iter_64,normal,4,ok,inf,inf,2,inf,4,36956
1787493396075,mal,inf_loop_cpu,mal,30,trap_soft_timeout,inf,inf,1,inf,4,37056
1787493396106,normal,conv_16_16,normal,4,ok,inf,inf,3,inf,5,37084
1787493396110,normal,sum_u64_16k,normal,2,ok,inf,inf,4,inf,6,37124
1787493396112,mal,inf_loop_cpu,mal,30,trap_soft_timeout,inf,inf,1,inf,6,37232
1787493396142,mal,stack_blow,mal,5,trap_oom_crash,inf,inf,0,inf,6,37248
1787493396147,mal,mem_bomb,mal,34,trap_soft_timeout,inf,inf,960,inf,6,42104
1787493396181,mal,inf_loop_cpu,mal,30,trap_soft_timeout,inf,inf,1,inf,6,42216
1787493396211,normal,rsort_1k,normal,3,ok,inf,inf,2,inf,7,42320
1787493396215,mal,inf_loop_cpu,mal,32,trap_soft_timeout,inf,inf,1,inf,7,42404
1787493396248,normal,mul_512,normal,3,ok,inf,inf,1,inf,8,42424
1787493396251,normal,fib_25,normal,7,ok,inf,inf,1,inf,9,42452
1787493396258,normal,grep_8k,normal,1,ok,inf,inf,2,inf,10,42476
1787493396259,normal,grep_8k,normal,1,ok,inf,inf,2,inf,11,42632
1787493396260,mal,mem_bomb,mal,32,trap_soft_timeout,inf,inf,1088,inf,11,42504
1787493396292,normal,sqrt_1k,normal,1,ok,inf,inf,1,inf,12,42504
1787493396293,normal,fib_25,normal,5,ok,inf,inf,1,inf,13,42636
1787493396298,normal,sum_u64_16k,normal,0,ok,inf,inf,4,inf,14,42636
1787493396298,mal,mem_bomb,mal,31,trap_soft_timeout,inf,inf,1024,inf,14,42688
1787493396329,normal,kmeans_iter_64,normal,0,ok,inf,inf,2,inf,15,42716
1787493396329,normal,mul_512,normal,0,ok,inf,inf,1,inf,16,42736
1787493396329,normal,sha_64B_em,normal,1,ok,inf,inf,1,inf,17,42744
1787493396330,normal,fib_25,normal,4,ok,inf,inf,1,inf,18,42744
1787493396334,mal,inf_loop_cpu,mal,30,trap_soft_timeout,inf,inf,1,inf,18,42804
1787493396364,mal,stack_blow,mal,5,trap_oom_crash,inf,inf,0,inf,18,42804
1787493396369,normal,mul_512,normal,0,ok,inf,inf,1,inf,19,42804
1787493396369,normal,qsort_512,normal,1,ok,inf,inf,2,inf,20,42864
1787493396370,normal,sum_u64_16k,normal,0,ok,inf,inf,4,inf,21,42864
1787493396370,normal,fib_25,normal,3,ok,inf,inf,1,inf,22,42932
1787493396373,mal,inf_loop_cpu,mal,30,trap_soft_timeout,inf,inf,1,inf,22,42988
1787493396403,mal,mem_bomb,mal,34,trap_soft_timeout,inf,inf,960,inf,22,49348
1787493396437,normal,add_1024,normal,0,ok,inf,inf,1,inf,23,49364
1787493396437,mal,inf_loop_cpu,mal,30,trap_soft_timeout,inf,inf,1,inf,23,49468
1787493396467,mal,inf_loop_cpu,mal,30,trap_soft_timeout,inf,inf,1,inf,23,49580
1787493396497,normal,qsort_512,normal,0,ok,inf,inf,2,inf,24,49616
1787493396498,mal,mem_bomb,mal,32,trap_soft_timeout,inf,inf,704,inf,24,49684
1787493396530,normal,conv_16_16,normal,0,ok,inf,inf,3,inf,25,49684
1787493396530,mal,inf_loop_cpu,mal,30,trap_soft_timeout,inf,inf,1,inf,25,49740
1787493396560,mal,mem_bomb,mal,33,trap_soft_timeout,inf,inf,512,inf,25,49740
1787493396593,mal,mem_bomb,mal,31,trap_soft_timeout,inf,inf,768,inf,25,49740
1787493396624,mal,inf_loop_cpu,mal,30,trap_soft_timeout,inf,inf,1,inf,25,49852
1787493396654,mal,mem_bomb,mal,32,trap_soft_timeout,inf,inf,576,inf,25,49884
1787493396686,mal,inf_loop_cpu,mal,32,trap_soft_timeout,inf,inf,1,inf,25,49964
1787493396718,mal,mem_bomb,mal,31,trap_soft_timeout,inf,inf,1024,inf,25,49968
1787493396749,normal,sum_u64_16k,normal,0,ok,inf,inf,4,inf,26,49968
1787493396749,normal,add_1024,normal,0,ok,inf,inf,1,inf,27,49968
1787493396749,mal,inf_loop_cpu,mal,30,trap_soft_timeout,inf,inf,1,inf,27,50024
1787493396779,mal,stack_blow,mal,4,trap_oom_crash,inf,inf,0,inf,27,50024
1787493396783,mal,inf_loop_cpu,mal,30,trap_soft_timeout,inf,inf,1,inf,27,50080
1787493396813,normal,qsort_512,normal,0,ok,inf,inf,2,inf,28,50080
1787493396813,normal,sqrt_1k,normal,0,ok,inf,inf,1,inf,29,50080
1787493396813,mal,inf_loop_cpu,mal,30,trap_soft_timeout,inf,inf,1,inf,29,50080
1787493396843,normal,sum_u64_16k,normal,0,ok,inf,inf,4,inf,30,50080
1787493396843,mal,mem_bomb,mal,33,trap_soft_timeout,inf,inf,640,inf,30,50080
1787493396876,mal,inf_loop_cpu,mal,30,trap_soft_timeout,inf,inf,1,inf,30,50192
1787493396906,mal,inf_loop_cpu,mal,30,trap_soft_timeout,inf,inf,1,inf,30,50248
1787493396936,mal,mem_bomb,mal,30,trap_soft_timeout,inf,inf,512,inf,30,50248
1787493396966,mal,inf_loop_cpu,mal,30,trap_soft_timeout,inf,inf,1,inf,30,50248
1787493396996,normal,kmeans_iter_64,normal,0,ok,inf,inf,2,inf,31,50248
1787493396996,normal,conv_16_16,normal,0,ok,inf,inf,3,inf,32,50248
1787493396996,mal,mem_bomb,mal,30,trap_soft_timeout,inf,inf,320,inf,32,50248
1787493397026,mal,stack_blow,mal,2,trap_oom_crash,inf,inf,0,inf,32,50252
1787493397028,mal,inf_loop_cpu,mal,30,trap_soft_timeout,inf,inf,1,inf,32,50384
1787493397058,normal,fib_25,normal,3,ok,inf,inf,1,inf,33,50384
1787493397061,normal,grep_8k,normal,0,ok,inf,inf,2,inf,34,50392
1787493397061,mal,mem_bomb,mal,31,trap_soft_timeout,inf,inf,768,inf,34,50392
1787493397093,normal,grep_8k,normal,0,ok,inf,inf,2,inf,35,50392
1787493397093,mal,stack_blow,mal,11,trap_oom_crash,inf,inf,0,inf,35,50392
1787493397104,normal,sqrt_1k,normal,0,ok,inf,inf,1,inf,36,50392
1787493397104,mal,mem_bomb,mal,32,trap_soft_timeout,inf,inf,704,inf,36,50392
1787493397136,normal,sqrt_1k,normal,0,ok,inf,inf,1,inf,37,50424
1787493397137,normal,sum_u64_16k,normal,0,ok,inf,inf,4,inf,38,50424
1787493397137,normal,mat_8x8,normal,0,ok,inf,inf,1,inf,39,50428
1787493397138,mal,inf_loop_cpu,mal,30,trap_soft_timeout,inf,inf,1,inf,39,50504
1787493397168,normal,sum_u64_16k,normal,0,ok,inf,inf,4,inf,40,50504
1787493397168,mal,mem_bomb,mal,31,trap_soft_timeout,inf,inf,768,inf,40,50528
1787493397199,normal,kmeans_iter_64,normal,1,ok,inf,inf,2,inf,41,50528
1787493397200,normal,conv_16_16,normal,0,ok,inf,inf,3,inf,42,50528
1787493397200,mal,inf_loop_cpu,mal,31,trap_soft_timeout,inf,inf,1,inf,42,50616
1787493397232,mal,inf_loop_cpu,mal,29,trap_soft_timeout,inf,inf,1,inf,42,50672
1787493397261,mal,inf_loop_cpu,mal,33,trap_soft_timeout,inf,inf,1,inf,42,50732
1787493397294,normal,mat_8x8,normal,0,ok,inf,inf,1,inf,43,50736
1787493397294,normal,kmeans_iter_64,normal,0,ok,inf,inf,2,inf,44,50764
1787493397294,mal,stack_blow,mal,6,trap_oom_crash,inf,inf,0,inf,44,50768
1787493397300,normal,fib_25,normal,6,ok,inf,inf,1,inf,45,50772
1787493397306,normal,sha_64B_em,normal,0,ok,inf,inf,1,inf,46,50776
1787493397306,mal,inf_loop_cpu,mal,30,trap_soft_timeout,inf,inf,1,inf,46,50784
1787493397336,mal,inf_loop_cpu,mal,30,trap_soft_timeout,inf,inf,1,inf,46,50784
1787493397366,normal,mul_512,normal,0,ok,inf,inf,1,inf,47,50784
1787493397366,normal,mul_512,normal,0,ok,inf,inf,1,inf,48,50784
1787493397366,normal,qsort_512,normal,1,ok,inf,inf,2,inf,49,50784
1787493397367,mal,syscall_probe,mal,1,ok,inf,inf,1,inf,50,50796
1787493397368,mal,mem_bomb,mal,30,trap_soft_timeout,inf,inf,832,inf,50,50816
1787493397398,mal,inf_loop_cpu,mal,30,trap_soft_timeout,inf,inf,1,inf,50,50828
1787493397428,mal,inf_loop_cpu,mal,31,trap_soft_timeout,inf,inf,1,inf,50,50940
1787493397460,normal,conv_16_16,normal,0,ok,inf,inf,3,inf,51,50940
1787493397460,mal,stack_blow,mal,2,trap_oom_crash,inf,inf,0,inf,51,50940
1787493397462,normal,mat_8x8,normal,0,ok,inf,inf,1,inf,52,50940
1787493397464,normal,conv_16_16,normal,2,ok,inf,inf,3,inf,53,50940
1787493397466,mal,stack_blow,mal,3,trap_oom_crash,inf,inf,0,inf,53,50940
1787493397470,mal,inf_loop_cpu,mal,30,trap_soft_timeout,inf,inf,1,inf,53,50996
1787493397500,mal,mem_bomb,mal,31,trap_soft_timeout,inf,inf,896,inf,53,51052
1787493397531,mal,inf_loop_cpu,mal,30,trap_soft_timeout,inf,inf,1,inf,53,51108
1787493397561,normal,mul_512,normal,0,ok,inf,inf,1,inf,54,51108
1787493397561,mal,mem_bomb,mal,31,trap_soft_timeout,inf,inf,576,inf,54,51164
1787493397592,mal,mem_bomb,mal,35,trap_soft_timeout,inf,inf,576,inf,54,51164
1787493397627,normal,kmeans_iter_64,normal,0,ok,inf,inf,2,inf,55,51164
1787493397627,mal,inf_loop_cpu,mal,30,trap_soft_timeout,inf,inf,1,inf,55,51224
1787493397657,normal,rsort_1k,normal,4,ok,inf,inf,2,inf,56,51224
1787493397661,mal,inf_loop_cpu,mal,30,trap_soft_timeout,inf,inf,1,inf,56,51224
1787493397691,mal,inf_loop_cpu,mal,30,trap_soft_timeout,inf,inf,1,inf,56,51248
1787493397721,mal,mem_bomb,mal,31,trap_soft_timeout,inf,inf,1088,inf,56,51312
1787493397752,normal,sha_64B_em,normal,0,ok,inf,inf,1,inf,57,51312
1787493397752,mal,mem_bomb,mal,31,trap_soft_timeout,inf,inf,960,inf,57,51312
1787493397783,mal,syscall_probe,mal,0,ok,inf,inf,1,inf,58,51312
1787493397783,normal,kmeans_iter_64,normal,0,ok,inf,inf,2,inf,59,51312
1787493397783,normal,sqrt_1k,normal,0,ok,inf,inf,1,inf,60,51312
1787493397783,normal,fib_25,normal,2,ok,inf,inf,1,inf,61,51312
1787493397785,normal,conv_16_16,normal,0,ok,inf,inf,3,inf,62,51312
1787493397785,normal,sqrt_1k,normal,0,ok,inf,inf,1,inf,63,51312
1787493397785,mal,stack_blow,mal,2,trap_oom_crash,inf,inf,0,inf,63,51312
1787493397787,normal,sqrt_1k,normal,0,ok,inf,inf,1,inf,64,51340
1787493397787,normal,grep_8k,normal,0,ok,inf,inf,2,inf,65,51340
1787493397788,mal,mem_bomb,mal,35,trap_soft_timeout,inf,inf,576,inf,65,51332
1787493397824,normal,grep_8k,normal,0,ok,inf,inf,2,inf,66,51332
1787493397825,mal,mem_bomb,mal,33,trap_soft_timeout,inf,inf,384,inf,66,51340
1787493397858,normal,fib_25,normal,17,ok,inf,inf,1,inf,67,51340
1787493397875,normal,sqrt_1k,normal,0,ok,inf,inf,1,inf,68,51340
1787493397875,mal,mem_bomb,mal,31,trap_soft_timeout,inf,inf,576,inf,68,51340
1787493397906,mal,mem_bomb,mal,34,trap_soft_timeout,inf,inf,576,inf,68,51228
1787493397940,normal,mat_8x8,normal,0,ok,inf,inf,1,inf,69,51228
1787493397940,mal,mem_bomb,mal,35,trap_soft_timeout,inf,inf,576,inf,69,51228
1787493397975,mal,inf_loop_cpu,mal,33,trap_soft_timeout,inf,inf,1,inf,69,51228
1787493398008,mal,inf_loop_cpu,mal,30,trap_soft_timeout,inf,inf,1,inf,69,51228
1787493398038,mal,inf_loop_cpu,mal,30,trap_soft_timeout,inf,inf,1,inf,69,51228
1787493398068,normal,sqrt_1k,normal,0,ok,inf,inf,1,inf,70,51228
1787493398068,normal,sum_u64_16k,normal,0,ok,inf,inf,4,inf,71,51228
1787493398068,normal,qsort_512,normal,0,ok,inf,inf,2,inf,72,51228
1787493398068,normal,add_1024,normal,0,ok,inf,inf,1,inf,73,51228
1787493398068,mal,stack_blow,mal,3,trap_oom_crash,inf,inf,0,inf,73,51228
1787493398071,mal,stack_blow,mal,3,trap_oom_crash,inf,inf,0,inf,73,51228
1787493398074,normal,conv_16_16,normal,0,ok,inf,inf,3,inf,74,51228
1787493398074,normal,grep_8k,normal,0,ok,inf,inf,2,inf,75,51228
1787493398074,mal,inf_loop_cpu,mal,30,trap_soft_timeout,inf,inf,1,inf,75,51228
1787493398104,normal,add_1024,normal,0,ok,inf,inf,1,inf,76,51228
1787493398104,mal,inf_loop_cpu,mal,30,trap_soft_timeout,inf,inf,1,inf,76,51228
1787493398134,normal,sqrt_1k,normal,0,ok,inf,inf,1,inf,77,51228
1787493398134,normal,conv_16_16,normal,0,ok,inf,inf,3,inf,78,51228
1787493398134,normal,sum_u64_16k,normal,0,ok,inf,inf,4,inf,79,51228
1787493398134,normal,sha_64B_em,normal,0,ok,inf,inf,1,inf,80,51228
1787493398134,mal,inf_loop_cpu,mal,30,trap_soft_timeout,inf,inf,1,inf,80,51260
1787493398164,normal,sum_u64_16k,normal,0,ok,inf,inf,4,inf,81,51260
1787493398164,mal,mem_bomb,mal,30,trap_soft_timeout,inf,inf,1024,inf,81,51324
1787493398194,normal,rsort_1k,normal,4,ok,inf,inf,2,inf,82,51324
1787493398198,normal,qsort_512,normal,0,ok,inf,inf,2,inf,83,51360
1787493398198,normal,mat_8x8,normal,0,ok,inf,inf,1,inf,84,51364
1787493398198,mal,inf_loop_cpu,mal,30,trap_soft_timeout,inf,inf,1,inf,84,51440
1787493398228,mal,inf_loop_cpu,mal,30,trap_soft_timeout,inf,inf,1,inf,84,51440
1787493398258,normal,mul_512,normal,0,ok,inf,inf,1,inf,85,51440
1787493398258,normal,fib_25,normal,5,ok,inf,inf,1,inf,86,51440
1787493398263,normal,kmeans_iter_64,normal,0,ok,inf,inf,2,inf,87,51440
1787493398264,mal,mem_bomb,mal,32,trap_soft_timeout,inf,inf,768,inf,87,51504
1787493398296,mal,inf_loop_cpu,mal,30,trap_soft_timeout,inf,inf,1,inf,87,51528
1787493398326,normal,kmeans_iter_64,normal,0,ok,inf,inf,2,inf,88,51560
1787493398326,mal,inf_loop_cpu,mal,30,trap_soft_timeout,inf,inf,1,inf,88,51560
1787493398356,mal,inf_loop_cpu,mal,30,trap_soft_timeout,inf,inf,1,inf,88,51560
1787493398386,normal,sqrt_1k,normal,0,ok,inf,inf,1,inf,89,51560
1787493398386,normal,qsort_512,normal,0,ok,inf,inf,2,inf,90,51560
1787493398386,mal,syscall_probe,mal,0,ok,inf,inf,1,inf,91,51560
1787493398386,normal,sqrt_1k,normal,0,ok,inf,inf,1,inf,92,51560
1787493398386,mal,inf_loop_cpu,mal,30,trap_soft_timeout,inf,inf,1,inf,92,51608
1787493398416,mal,inf_loop_cpu,mal,30,trap_soft_timeout,inf,inf,1,inf,92,51664
1787493398446,mal,inf_loop_cpu,mal,30,trap_soft_timeout,inf,inf,1,inf,92,51776
1787493398476,normal,conv_16_16,normal,0,ok,inf,inf,3,inf,93,51776
1787493398476,mal,inf_loop_cpu,mal,32,trap_soft_timeout,inf,inf,1,inf,93,51888
1787493398508,normal,sqrt_1k,normal,0,ok,inf,inf,1,inf,94,51888
1787493398508,mal,inf_loop_cpu,mal,39,trap_soft_timeout,inf,inf,1,inf,94,52000
1787493398548,mal,inf_loop_cpu,mal,30,trap_soft_timeout,inf,inf,1,inf,94,52056
1787493398578,normal,sqrt_1k,normal,0,ok,inf,inf,1,inf,95,52056
1787493398578,mal,syscall_probe,mal,0,ok,inf,inf,1,inf,96,52056
1787493398578,normal,sha_64B_em,normal,0,ok,inf,inf,1,inf,97,52056
1787493398578,mal,syscall_probe,mal,0,ok,inf,inf,1,inf,98,52056
1787493398578,mal,mem_bomb,mal,30,trap_soft_timeout,inf,inf,512,inf,98,52056
1787493398608,normal,sqrt_1k,normal,0,ok,inf,inf,1,inf,99,52056
1787493398608,mal,inf_loop_cpu,mal,30,trap_soft_timeout,inf,inf,1,inf,99,52056
1787493398638,normal,rsort_1k,normal,2,ok,inf,inf,2,inf,100,52120
1787493398641,normal,qsort_512,normal,0,ok,inf,inf,2,inf,101,52120
1787493398641,normal,fib_25,normal,3,ok,inf,inf,1,inf,102,52120
1787493398644,normal,add_1024,normal,0,ok,inf,inf,1,inf,103,52120
1787493398644,mal,inf_loop_cpu,mal,30,trap_soft_timeout,inf,inf,1,inf,103,52120
1787493398674,mal,inf_loop_cpu,mal,30,trap_soft_timeout,inf,inf,1,inf,103,52120
1787493398704,mal,inf_loop_cpu,mal,30,trap_soft_timeout,inf,inf,1,inf,103,52120
1787493398734,mal,inf_loop_cpu,mal,30,trap_soft_timeout,inf,inf,1,inf,103,52120
1787493398764,mal,mem_bomb,mal,30,trap_soft_timeout,inf,inf,1088,inf,103,52136
1787493398794,normal,sum_u64_16k,normal,0,ok,inf,inf,4,inf,104,52136
1787493398794,mal,stack_blow,mal,3,trap_oom_crash,inf,inf,0,inf,104,52136
1787493398797,mal,inf_loop_cpu,mal,30,trap_soft_timeout,inf,inf,1,inf,104,52136
1787493398827,mal,inf_loop_cpu,mal,31,trap_soft_timeout,inf,inf,1,inf,104,52136
1787493398858,normal,add_1024,normal,0,ok,inf,inf,1,inf,105,52136
1787493398858,mal,inf_loop_cpu,mal,32,trap_soft_timeout,inf,inf,1,inf,105,52136
1787493398890,mal,inf_loop_cpu,mal,30,trap_soft_timeout,inf,inf,1,inf,105,52136
1787493398920,mal,mem_bomb,mal,37,trap_soft_timeout,inf,inf,704,inf,105,52136
1787493398957,mal,mem_bomb,mal,31,trap_soft_timeout,inf,inf,768,inf,105,52136
1787493398989,normal,mat_8x8,normal,0,ok,inf,inf,1,inf,106,52136
1787493398989,normal,sha_64B_em,normal,0,ok,inf,inf,1,inf,107,52136
1787493398989,mal,syscall_probe,mal,0,ok,inf,inf,1,inf,108,52136
1787493398989,normal,sqrt_1k,normal,0,ok,inf,inf,1,inf,109,52136
1787493398989,mal,inf_loop_cpu,mal,30,trap_soft_timeout,inf,inf,1,inf,109,52136
1787493399019,normal,mat_8x8,normal,0,ok,inf,inf,1,inf,110,52136
1787493399019,normal,qsort_512,normal,0,ok,inf,inf,2,inf,111,52136
1787493399019,normal,rsort_1k,normal,1,ok,inf,inf,2,inf,112,52136
1787493399020,mal,inf_loop_cpu,mal,30,trap_soft_timeout,inf,inf,1,inf,112,52136
1787493399050,normal,conv_16_16,normal,0,ok,inf,inf,3,inf,113,52136
1787493399050,normal,mul_512,normal,0,ok,inf,inf,1,inf,114,52136
1787493399050,normal,fib_25,normal,2,ok,inf,inf,1,inf,115,52136
1787493399052,normal,kmeans_iter_64,normal,0,ok,inf,inf,2,inf,116,52136
1787493399052,normal,sqrt_1k,normal,0,ok,inf,inf,1,inf,117,52136
1787493399052,mal,stack_blow,mal,3,trap_oom_crash,inf,inf,0,inf,117,52136
1787493399055,normal,grep_8k,normal,0,ok,inf,inf,2,inf,118,52136
1787493399055,normal,sqrt_1k,normal,0,ok,inf,inf,1,inf,119,52136
1787493399055,mal,mem_bomb,mal,32,trap_soft_timeout,inf,inf,896,inf,119,52200
1787493399087,normal,sha_64B_em,normal,0,ok,inf,inf,1,inf,120,52200
1787493399087,mal,inf_loop_cpu,mal,30,trap_soft_timeout,inf,inf,1,inf,120,52200
1787493399117,mal,stack_blow,mal,3,trap_oom_crash,inf,inf,0,inf,120,52200
1787493399120,normal,mul_512,normal,0,ok,inf,inf,1,inf,121,52200
1787493399120,normal,mat_8x8,normal,0,ok,inf,inf,1,inf,122,52200
1787493399120,normal,grep_8k,normal,0,ok,inf,inf,2,inf,123,52200
1787493399120,mal,inf_loop_cpu,mal,30,trap_soft_timeout,inf,inf,1,inf,123,52200
1787493399150,normal,rsort_1k,normal,3,ok,inf,inf,2,inf,124,52200
1787493399153,mal,mem_bomb,mal,36,trap_soft_timeout,inf,inf,704,inf,124,52264
1787493399189,mal,stack_blow,mal,3,trap_oom_crash,inf,inf,0,inf,124,52264
1787493399192,normal,mat_8x8,normal,0,ok,inf,inf,1,inf,125,52264
1787493399192,mal,inf_loop_cpu,mal,30,trap_soft_timeout,inf,inf,1,inf,125,52264
1787493399222,mal,stack_blow,mal,9,trap_oom_crash,inf,inf,0,inf,125,52264
1787493399231,normal,rsort_1k,normal,3,ok,inf,inf,2,inf,126,52264
1787493399234,mal,mem_bomb,mal,30,trap_soft_timeout,inf,inf,512,inf,126,52328
1787493399264,normal,sqrt_1k,normal,0,ok,inf,inf,1,inf,127,52328
1787493399264,mal,inf_loop_cpu,mal,30,trap_soft_timeout,inf,inf,1,inf,127,52440
1787493399294,mal,inf_loop_cpu,mal,30,trap_soft_timeout,inf,inf,1,inf,127,52496
1787493399324,normal,rsort_1k,normal,16,ok,inf,inf,2,inf,128,52540
1787493399340,mal,stack_blow,mal,2,trap_oom_crash,inf,inf,0,inf,128,52540
1787493399342,normal,add_1024,normal,0,ok,inf,inf,1,inf,129,52540
1787493399342,normal,qsort_512,normal,1,ok,inf,inf,2,inf,130,52540
1787493399343,mal,inf_loop_cpu,mal,30,trap_soft_timeout,inf,inf,1,inf,130,52540
1787493399373,mal,stack_blow,mal,3,trap_oom_crash,inf,inf,0,inf,130,52540
1787493399376,normal,sha_64B_em,normal,0,ok,inf,inf,1,inf,131,52540
1787493399376,mal,inf_loop_cpu,mal,30,trap_soft_timeout,inf,inf,1,inf,131,52540
1787493399406,normal,grep_8k,normal,0,ok,inf,inf,2,inf,132,52540
1787493399406,normal,mat_8x8,normal,0,ok,inf,inf,1,inf,133,52540
1787493399406,mal,inf_loop_cpu,mal,30,trap_soft_timeout,inf,inf,1,inf,133,52540
1787493399436,normal,sqrt_1k,normal,0,ok,inf,inf,1,inf,134,52540
1787493399436,mal,stack_blow,mal,4,trap_oom_crash,inf,inf,0,inf,134,52540
1787493399441,mal,stack_blow,mal,2,trap_oom_crash,inf,inf,0,inf,134,52540
1787493399443,normal,kmeans_iter_64,normal,1,ok,inf,inf,2,inf,135,52540
1787493399444,mal,inf_loop_cpu,mal,30,trap_soft_timeout,inf,inf,1,inf,135,52540
1787493399474,mal,stack_blow,mal,4,trap_oom_crash,inf,inf,0,inf,135,52540
1787493399478,mal,inf_loop_cpu,mal,30,trap_soft_timeout,inf,inf,1,inf,135,52540
1787493399508,normal,fib_25,normal,5,ok,inf,inf,1,inf,136,52540
1787493399514,normal,sum_u64_16k,normal,0,ok,inf,inf,4,inf,137,52540
1787493399514,normal,fib_25,normal,1,ok,inf,inf,1,inf,138,52540
1787493399516,normal,grep_8k,normal,0,ok,inf,inf,2,inf,139,52540
1787493399516,mal,mem_bomb,mal,33,trap_soft_timeout,inf,inf,704,inf,139,52608
1787493399549,normal,rsort_1k,normal,2,ok,inf,inf,2,inf,140,52608
1787493399551,normal,rsort_1k,normal,2,ok,inf,inf,2,inf,141,52672
1787493399553,mal,mem_bomb,mal,32,trap_soft_timeout,inf,inf,640,inf,141,52672
1787493399585,normal,sum_u64_16k,normal,0,ok,inf,inf,4,inf,142,52672
1787493399585,mal,mem_bomb,mal,37,trap_soft_timeout,inf,inf,320,inf,142,52672
1787493399622,mal,inf_loop_cpu,mal,30,trap_soft_timeout,inf,inf,1,inf,142,52672
1787493399652,mal,mem_bomb,mal,34,trap_soft_timeout,inf,inf,448,inf,142,52672
1787493399686,normal,sqrt_1k,normal,0,ok,inf,inf,1,inf,143,52672
1787493399686,mal,inf_loop_cpu,mal,30,trap_soft_timeout,inf,inf,1,inf,143,52672
1787493399716,mal,inf_loop_cpu,mal,30,trap_soft_timeout,inf,inf,1,inf,143,52720
1787493399746,mal,inf_loop_cpu,mal,30,trap_soft_timeout,inf,inf,1,inf,143,52720
1787493399776,normal,sum_u64_16k,normal,0,ok,inf,inf,4,inf,144,52720
1787493399776,normal,mat_8x8,normal,0,ok,inf,inf,1,inf,145,52720
1787493399776,mal,mem_bomb,mal,31,trap_soft_timeout,inf,inf,832,inf,145,52792
1787493399808,normal,kmeans_iter_64,normal,0,ok,inf,inf,2,inf,146,52792
1787493399808,mal,inf_loop_cpu,mal,30,trap_soft_timeout,inf,inf,1,inf,146,52792
1787493399838,normal,sqrt_1k,normal,0,ok,inf,inf,1,inf,147,52792
1787493399838,mal,mem_bomb,mal,31,trap_soft_timeout,inf,inf,448,inf,147,52792
1787493399869,normal,mat_8x8,normal,0,ok,inf,inf,1,inf,148,52792
1787493399869,mal,inf_loop_cpu,mal,30,trap_soft_timeout,inf,inf,1,inf,148,52792
1787493399899,mal,inf_loop_cpu,mal,30,trap_soft_timeout,inf,inf,1,inf,148,52792
1787493399929,normal,rsort_1k,normal,2,ok,inf,inf,2,inf,149,52792
1787493399931,normal,mat_8x8,normal,0,ok,inf,inf,1,inf,150,52792
1787493399931,mal,inf_loop_cpu,mal,30,trap_soft_timeout,inf,inf,1,inf,150,52792
1787493399961,normal,mat_8x8,normal,0,ok,inf,inf,1,inf,151,52792
1787493399961,mal,stack_blow,mal,4,trap_oom_crash,inf,inf,0,inf,151,52792
1787493399965,normal,add_1024,normal,0,ok,inf,inf,1,inf,152,52792
1787493399965,normal,mul_512,normal,0,ok,inf,inf,1,inf,153,52792
1787493399965,normal,conv_16_16,normal,0,ok,inf,inf,3,inf,154,52792
1787493399965,normal,rsort_1k,normal,3,ok,inf,inf,2,inf,155,52812
1787493399969,normal,mul_512,normal,0,ok,inf,inf,1,inf,156,52812
1787493399969,normal,conv_16_16,normal,1,ok,inf,inf,3,inf,157,52812
1787493399970,normal,add_1024,normal,0,ok,inf,inf,1,inf,158,52812
1787493399970,normal,mul_512,normal,1,ok,inf,inf,1,inf,159,52812
1787493399971,mal,stack_blow,mal,9,trap_oom_crash,inf,inf,0,inf,159,52812
1787493399980,mal,stack_blow,mal,3,trap_oom_crash,inf,inf,0,inf,159,52812
1787493399983,mal,inf_loop_cpu,mal,30,trap_soft_timeout,inf,inf,1,inf,159,52812
1787493400013,mal,inf_loop_cpu,mal,30,trap_soft_timeout,inf,inf,1,inf,159,52812
1787493400043,normal,sha_64B_em,normal,0,ok,inf,inf,1,inf,160,52812
1787493400043,mal,inf_loop_cpu,mal,30,trap_soft_timeout,inf,inf,1,inf,160,52812
1787493400073,normal,grep_8k,normal,0,ok,inf,inf,2,inf,161,52812
1787493400073,mal,inf_loop_cpu,mal,30,trap_soft_timeout,inf,inf,1,inf,161,52812
1787493400103,normal,sum_u64_16k,normal,0,ok,inf,inf,4,inf,162,52812
1787493400103,normal,sqrt_1k,normal,0,ok,inf,inf,1,inf,163,52812
1787493400103,mal,inf_loop_cpu,mal,30,trap_soft_timeout,inf,inf,1,inf,163,52812
1787493400133,normal,mul_512,normal,0,ok,inf,inf,1,inf,164,52812
1787493400133,mal,inf_loop_cpu,mal,30,trap_soft_timeout,inf,inf,1,inf,164,52812
1787493400163,normal,sum_u64_16k,normal,0,ok,inf,inf,4,inf,165,52812
1787493400164,mal,mem_bomb,mal,32,trap_soft_timeout,inf,inf,640,inf,165,52816
1787493400196,mal,inf_loop_cpu,mal,30,trap_soft_timeout,inf,inf,1,inf,165,52816
1787493400226,normal,conv_16_16,normal,0,ok,inf,inf,3,inf,166,52816
1787493400226,normal,conv_16_16,normal,0,ok,inf,inf,3,inf,167,52816
1787493400226,mal,inf_loop_cpu,mal,30,trap_soft_timeout,inf,inf,1,inf,167,52816
1787493400256,normal,add_1024,normal,1,ok,inf,inf,1,inf,168,52820
1787493400258,mal,syscall_probe,mal,0,ok,inf,inf,1,inf,169,52820
1787493400258,mal,syscall_probe,mal,0,ok,inf,inf,1,inf,170,52820
1787493400258,normal,mul_512,normal,0,ok,inf,inf,1,inf,171,52864
1787493400258,normal,fib_25,normal,4,ok,inf,inf,1,inf,172,52796
1787493400262,normal,qsort_512,normal,0,ok,inf,inf,2,inf,173,52796
1787493400262,mal,syscall_probe,mal,1,ok,inf,inf,1,inf,174,52796
1787493400263,normal,sum_u64_16k,normal,0,ok,inf,inf,4,inf,175,52796
1787493400263,normal,sum_u64_16k,normal,0,ok,inf,inf,4,inf,176,52796
1787493400263,normal,kmeans_iter_64,normal,0,ok,inf,inf,2,inf,177,52796
1787493400263,normal,mul_512,normal,0,ok,inf,inf,1,inf,178,52796
1787493400263,mal,inf_loop_cpu,mal,30,trap_soft_timeout,inf,inf,1,inf,178,52796
1787493400293,mal,syscall_probe,mal,1,ok,inf,inf,1,inf,179,52796
1787493400294,mal,stack_blow,mal,3,trap_oom_crash,inf,inf,0,inf,179,52796
1787493400297,mal,inf_loop_cpu,mal,30,trap_soft_timeout,inf,inf,1,inf,179,52796
1787493400327,normal,mat_8x8,normal,0,ok,inf,inf,1,inf,180,52796
1787493400327,mal,inf_loop_cpu,mal,30,trap_soft_timeout,inf,inf,1,inf,180,52796
1787493400357,mal,mem_bomb,mal,30,trap_soft_timeout,inf,inf,960,inf,180,52812
1787493400387,normal,conv_16_16,normal,1,ok,inf,inf,3,inf,181,52812
1787493400388,normal,mat_8x8,normal,0,ok,inf,inf,1,inf,182,52812
1787493400388,mal,mem_bomb,mal,30,trap_soft_timeout,inf,inf,704,inf,182,52812
1787493400418,normal,fib_25,normal,2,ok,inf,inf,1,inf,183,52812
1787493400420,mal,inf_loop_cpu,mal,30,trap_soft_timeout,inf,inf,1,inf,183,52812
1787493400450,normal,mul_512,normal,0,ok,inf,inf,1,inf,184,52812
1787493400450,mal,mem_bomb,mal,30,trap_soft_timeout,inf,inf,512,inf,184,52816
1787493400481,normal,grep_8k,normal,0,ok,inf,inf,2,inf,185,52816
1787493400481,normal,qsort_512,normal,1,ok,inf,inf,2,inf,186,52816
1787493400482,mal,syscall_probe,mal,0,ok,inf,inf,1,inf,187,52816
1787493400482,normal,mat_8x8,normal,0,ok,inf,inf,1,inf,188,52816
1787493400482,normal,qsort_512,normal,1,ok,inf,inf,2,inf,189,52816
1787493400483,normal,sha_64B_em,normal,0,ok,inf,inf,1,inf,190,52816
1787493400483,mal,stack_blow,mal,6,trap_oom_crash,inf,inf,0,inf,190,52816
1787493400489,mal,mem_bomb,mal,30,trap_soft_timeout,inf,inf,896,inf,190,52820
1787493400519,normal,conv_16_16,normal,0,ok,inf,inf,3,inf,191,52820
1787493400519,normal,fib_25,normal,2,ok,inf,inf,1,inf,192,52820
1787493400522,mal,stack_blow,mal,3,trap_oom_crash,inf,inf,0,inf,192,52820
1787493400525,normal,add_1024,normal,0,ok,inf,inf,1,inf,193,52820
1787493400525,normal,fib_25,normal,2,ok,inf,inf,1,inf,194,52820
1787493400527,normal,grep_8k,normal,0,ok,inf,inf,2,inf,195,52820
1787493400528,mal,mem_bomb,mal,32,trap_soft_timeout,inf,inf,832,inf,195,52824
1787493400560,mal,stack_blow,mal,2,trap_oom_crash,inf,inf,0,inf,195,52824
1787493400562,mal,inf_loop_cpu,mal,30,trap_soft_timeout,inf,inf,1,inf,195,52824
1787493400592,normal,grep_8k,normal,0,ok,inf,inf,2,inf,196,52824
1787493400592,normal,mat_8x8,normal,0,ok,inf,inf,1,inf,197,52824
1787493400592,mal,inf_loop_cpu,mal,30,trap_soft_timeout,inf,inf,1,inf,197,52824
1787493400622,mal,inf_loop_cpu,mal,30,trap_soft_timeout,inf,inf,1,inf,197,52824
1787493400652,normal,mul_512,normal,0,ok,inf,inf,1,inf,198,52824
1787493400652,mal,inf_loop_cpu,mal,30,trap_soft_timeout,inf,inf,1,inf,198,52824
1787493400682,normal,fib_25,normal,3,ok,inf,inf,1,inf,199,52824
1787493400685,normal,grep_8k,normal,0,ok,inf,inf,2,inf,200,52824
1787493400685,mal,inf_loop_cpu,mal,31,trap_soft_timeout,inf,inf,1,inf,200,52824
1787493400716,normal,rsort_1k,normal,2,ok,inf,inf,2,inf,201,52868
1787493400718,mal,mem_bomb,mal,31,trap_soft_timeout,inf,inf,896,inf,201,52888
1787493400749,mal,inf_loop_cpu,mal,30,trap_soft_timeout,inf,inf,1,inf,201,52888
1787493400779,mal,syscall_probe,mal,0,ok,inf,inf,1,inf,202,52888
1787493400779,normal,sqrt_1k,normal,0,ok,inf,inf,1,inf,203,52888
1787493400779,normal,sum_u64_16k,normal,0,ok,inf,inf,4,inf,204,52888
1787493400779,normal,mat_8x8,normal,0,ok,inf,inf,1,inf,205,52888
1787493400779,normal,qsort_512,normal,0,ok,inf,inf,2,inf,206,52888
1787493400779,normal,conv_16_16,normal,0,ok,inf,inf,3,inf,207,52888
1787493400779,mal,mem_bomb,mal,30,trap_soft_timeout,inf,inf,960,inf,207,52888
1787493400809,mal,stack_blow,mal,2,trap_oom_crash,inf,inf,0,inf,207,52888
1787493400811,normal,conv_16_16,normal,0,ok,inf,inf,3,inf,208,52888
1787493400811,normal,rsort_1k,normal,2,ok,inf,inf,2,inf,209,52960
1787493400813,mal,mem_bomb,mal,31,trap_soft_timeout,inf,inf,704,inf,209,52960
1787493400844,normal,add_1024,normal,0,ok,inf,inf,1,inf,210,52960
1787493400844,mal,stack_blow,mal,5,trap_oom_crash,inf,inf,0,inf,210,52960
1787493400849,mal,mem_bomb,mal,31,trap_soft_timeout,inf,inf,512,inf,210,52960
1787493400880,mal,stack_blow,mal,5,trap_oom_crash,inf,inf,0,inf,210,52960
1787493400885,mal,inf_loop_cpu,mal,30,trap_soft_timeout,inf,inf,1,inf,210,52960
1787493400915,normal,sum_u64_16k,normal,0,ok,inf,inf,4,inf,211,52960
1787493400915,mal,mem_bomb,mal,31,trap_soft_timeout,inf,inf,1088,inf,211,52960
1787493400946,normal,qsort_512,normal,0,ok,inf,inf,2,inf,212,52960
1787493400946,normal,sum_u64_16k,normal,0,ok,inf,inf,4,inf,213,52960
1787493400946,normal,qsort_512,normal,0,ok,inf,inf,2,inf,214,52960
1787493400946,normal,grep_8k,normal,0,ok,inf,inf,2,inf,215,52960
1787493400946,mal,mem_bomb,mal,34,trap_soft_timeout,inf,inf,704,inf,215,52964
1787493400980,mal,inf_loop_cpu,mal,30,trap_soft_timeout,inf,inf,1,inf,215,52964
1787493401010,normal,kmeans_iter_64,normal,0,ok,inf,inf,2,inf,216,52964
1787493401010,normal,rsort_1k,normal,1,ok,inf,inf,2,inf,217,53004
1787493401011,mal,mem_bomb,mal,30,trap_soft_timeout,inf,inf,896,inf,217,53004
1787493401041,normal,fib_25,normal,2,ok,inf,inf,1,inf,218,53004
1787493401043,mal,inf_loop_cpu,mal,30,trap_soft_timeout,inf,inf,1,inf,218,53004
1787493401073,normal,mul_512,normal,0,ok,inf,inf,1,inf,219,53004
1787493401073,normal,grep_8k,normal,0,ok,inf,inf,2,inf,220,53004
1787493401073,mal,inf_loop_cpu,mal,30,trap_soft_timeout,inf,inf,1,inf,220,53004
1787493401103,normal,qsort_512,normal,0,ok,inf,inf,2,inf,221,53004
1787493401103,mal,syscall_probe,mal,0,ok,inf,inf,1,inf,222,53004
1787493401103,mal,mem_bomb,mal,30,trap_soft_timeout,inf,inf,1024,inf,222,53008
1787493401133,normal,sqrt_1k,normal,0,ok,inf,inf,1,inf,223,53008
1787493401133,mal,inf_loop_cpu,mal,30,trap_soft_timeout,inf,inf,1,inf,223,53008
1787493401163,normal,add_1024,normal,0,ok,inf,inf,1,inf,224,53008
1787493401163,mal,mem_bomb,mal,30,trap_soft_timeout,inf,inf,768,inf,224,53008
1787493401193,normal,mat_8x8,normal,0,ok,inf,inf,1,inf,225,53008
1787493401193,normal,conv_16_16,normal,0,ok,inf,inf,3,inf,226,53008
1787493401193,normal,rsort_1k,normal,2,ok,inf,inf,2,inf,227,53080
1787493401195,mal,stack_blow,mal,2,trap_oom_crash,inf,inf,0,inf,227,53080
1787493401197,normal,grep_8k,normal,0,ok,inf,inf,2,inf,228,53080
1787493401197,mal,inf_loop_cpu,mal,30,trap_soft_timeout,inf,inf,1,inf,228,53080
1787493401227,mal,inf_loop_cpu,mal,30,trap_soft_timeout,inf,inf,1,inf,228,53080
1787493401257,mal,inf_loop_cpu,mal,30,trap_soft_timeout,inf,inf,1,inf,228,53080
1787493401287,normal,add_1024,normal,0,ok,inf,inf,1,inf,229,53080
1787493401287,normal,add_1024,normal,0,ok,inf,inf,1,inf,230,53080
1787493401287,mal,inf_loop_cpu,mal,30,trap_soft_timeout,inf,inf,1,inf,230,53080
1787493401317,normal,kmeans_iter_64,normal,0,ok,inf,inf,2,inf,231,53080
1787493401317,mal,mem_bomb,mal,31,trap_soft_timeout,inf,inf,960,inf,231,53080
1787493401348,normal,sqrt_1k,normal,0,ok,inf,inf,1,inf,232,53080
1787493401348,normal,qsort_512,normal,0,ok,inf,inf,2,inf,233,53080
1787493401348,normal,mul_512,normal,0,ok,inf,inf,1,inf,234,53080
1787493401348,normal,sum_u64_16k,normal,0,ok,inf,inf,4,inf,235,53080
1787493401348,normal,mul_512,normal,0,ok,inf,inf,1,inf,236,53080
1787493401348,mal,inf_loop_cpu,mal,30,trap_soft_timeout,inf,inf,1,inf,236,53080
1787493401378,mal,stack_blow,mal,3,trap_oom_crash,inf,inf,0,inf,236,53080
1787493401381,normal,add_1024,normal,0,ok,inf,inf,1,inf,237,53080
1787493401381,mal,mem_bomb,mal,31,trap_soft_timeout,inf,inf,896,inf,237,53080
1787493401412,mal,inf_loop_cpu,mal,30,trap_soft_timeout,inf,inf,1,inf,237,53080
1787493401442,normal,mul_512,normal,0,ok,inf,inf,1,inf,238,53080
1787493401442,normal,sqrt_1k,normal,0,ok,inf,inf,1,inf,239,53080
1787493401442,normal,mat_8x8,normal,0,ok,inf,inf,1,inf,240,53080
1787493401442,normal,mat_8x8,normal,0,ok,inf,inf,1,inf,241,53080
1787493401442,mal,mem_bomb,mal,30,trap_soft_timeout,inf,inf,768,inf,241,53080
1787493401472,mal,inf_loop_cpu,mal,30,trap_soft_timeout,inf,inf,1,inf,241,53080
1787493401502,normal,sum_u64_16k,normal,0,ok,inf,inf,4,inf,242,53080
1787493401502,mal,inf_loop_cpu,mal,31,trap_soft_timeout,inf,inf,1,inf,242,53080
1787493401533,mal,mem_bomb,mal,31,trap_soft_timeout,inf,inf,1024,inf,242,53080
1787493401564,normal,kmeans_iter_64,normal,0,ok,inf,inf,2,inf,243,53080
1787493401564,mal,inf_loop_cpu,mal,30,trap_soft_timeout,inf,inf,1,inf,243,53080
1787493401594,mal,mem_bomb,mal,34,trap_soft_timeout,inf,inf,1024,inf,243,53080
1787493401628,mal,inf_loop_cpu,mal,33,trap_soft_timeout,inf,inf,1,inf,243,53080
1787493401661,normal,sqrt_1k,normal,0,ok,inf,inf,1,inf,244,53080
1787493401661,mal,mem_bomb,mal,36,trap_soft_timeout,inf,inf,640,inf,244,53080
1787493401698,mal,stack_blow,mal,2,trap_oom_crash,inf,inf,0,inf,244,53080
1787493401700,normal,grep_8k,normal,0,ok,inf,inf,2,inf,245,53080
1787493401700,normal,sqrt_1k,normal,0,ok,inf,inf,1,inf,246,53080
1787493401700,mal,stack_blow,mal,2,trap_oom_crash,inf,inf,0,inf,246,53080
1787493401702,mal,inf_loop_cpu,mal,30,trap_soft_timeout,inf,inf,1,inf,246,53080
1787493401732,mal,inf_loop_cpu,mal,30,trap_soft_timeout,inf,inf,1,inf,246,53080
1787493401762,mal,inf_loop_cpu,mal,30,trap_soft_timeout,inf,inf,1,inf,246,53080
1787493401792,normal,add_1024,normal,0,ok,inf,inf,1,inf,247,53080
1787493401792,mal,mem_bomb,mal,36,trap_soft_timeout,inf,inf,896,inf,247,53080
1787493401828,normal,rsort_1k,normal,1,ok,inf,inf,2,inf,248,53144
1787493401829,normal,sha_64B_em,normal,0,ok,inf,inf,1,inf,249,53144
1787493401829,mal,inf_loop_cpu,mal,30,trap_soft_timeout,inf,inf,1,inf,249,53144
1787493401859,mal,mem_bomb,mal,31,trap_soft_timeout,inf,inf,576,inf,249,53144
1787493401890,normal,kmeans_iter_64,normal,0,ok,inf,inf,2,inf,250,53144
1787493401890,normal,sha_64B_em,normal,0,ok,inf,inf,1,inf,251,53144
1787493401890,mal,stack_blow,mal,2,trap_oom_crash,inf,inf,0,inf,251,53144
1787493401892,mal,stack_blow,mal,2,trap_oom_crash,inf,inf,0,inf,251,53144
1787493401894,mal,mem_bomb,mal,30,trap_soft_timeout,inf,inf,896,inf,251,53144
1787493401924,normal,mul_512,normal,0,ok,inf,inf,1,inf,252,53144
1787493401924,mal,inf_loop_cpu,mal,30,trap_soft_timeout,inf,inf,1,inf,252,53144
1787493401954,normal,sha_64B_em,normal,0,ok,inf,inf,1,inf,253,53144
1787493401954,mal,inf_loop_cpu,mal,30,trap_soft_timeout,inf,inf,1,inf,253,53144
1787493401984,mal,stack_blow,mal,1,trap_oom_crash,inf,inf,0,inf,253,53144
1787493401985,normal,conv_16_16,normal,0,ok,inf,inf,3,inf,254,53144
1787493401985,normal,sqrt_1k,normal,0,ok,inf,inf,1,inf,255,53144
1787493401985,normal,kmeans_iter_64,normal,0,ok,inf,inf,2,inf,256,53144
1787493401985,mal,mem_bomb,mal,31,trap_soft_timeout,inf,inf,320,inf,256,53144
1787493402016,mal,stack_blow,mal,30,trap_oom_crash,inf,inf,0,inf,256,53144
1787493402046,normal,grep_8k,normal,0,ok,inf,inf,2,inf,257,53144
1787493402046,mal,inf_loop_cpu,mal,49,trap_soft_timeout,inf,inf,1,inf,257,53144
1787493402095,mal,inf_loop_cpu,mal,49,trap_soft_timeout,inf,inf,1,inf,257,53144
1787493402144,normal,mul_512,normal,0,ok,inf,inf,1,inf,258,53144
1787493402144,normal,mat_8x8,normal,0,ok,inf,inf,1,inf,259,53144
1787493402144,normal,sha_64B_em,normal,0,ok,inf,inf,1,inf,260,53144
1787493402144,mal,inf_loop_cpu,mal,30,trap_soft_timeout,inf,inf,1,inf,260,53144
1787493402174,mal,mem_bomb,mal,31,trap_soft_timeout,inf,inf,128,inf,260,53144
1787493402205,mal,stack_blow,mal,2,trap_oom_crash,inf,inf,0,inf,260,53144
1787493402207,mal,stack_blow,mal,2,trap_oom_crash,inf,inf,0,inf,260,53144
1787493402209,normal,mat_8x8,normal,0,ok,inf,inf,1,inf,261,53144
1787493402209,normal,conv_16_16,normal,0,ok,inf,inf,3,inf,262,53144
1787493402209,normal,kmeans_iter_64,normal,0,ok,inf,inf,2,inf,263,53144
1787493402209,mal,inf_loop_cpu,mal,30,trap_soft_timeout,inf,inf,1,inf,263,53144
1787493402239,normal,sha_64B_em,normal,0,ok,inf,inf,1,inf,264,53144
1787493402239,mal,inf_loop_cpu,mal,30,trap_soft_timeout,inf,inf,1,inf,264,53144
1787493402269,normal,conv_16_16,normal,0,ok,inf,inf,3,inf,265,53144
1787493402269,normal,grep_8k,normal,0,ok,inf,inf,2,inf,266,53144
1787493402269,normal,kmeans_iter_64,normal,0,ok,inf,inf,2,inf,267,53144
1787493402269,mal,mem_bomb,mal,30,trap_soft_timeout,inf,inf,704,inf,267,53144
1787493402299,normal,fib_25,normal,2,ok,inf,inf,1,inf,268,53144
1787493402301,mal,inf_loop_cpu,mal,30,trap_soft_timeout,inf,inf,1,inf,268,53144
1787493402331,normal,mat_8x8,normal,0,ok,inf,inf,1,inf,269,53144
1787493402331,mal,inf_loop_cpu,mal,30,trap_soft_timeout,inf,inf,1,inf,269,53144
1787493402363,normal,mat_8x8,normal,0,ok,inf,inf,1,inf,270,53144
1787493402363,normal,kmeans_iter_64,normal,0,ok,inf,inf,2,inf,271,53144
1787493402363,mal,inf_loop_cpu,mal,30,trap_soft_timeout,inf,inf,1,inf,271,53144
1787493402393,mal,inf_loop_cpu,mal,30,trap_soft_timeout,inf,inf,1,inf,271,53144
1787493402423,normal,fib_25,normal,8,ok,inf,inf,1,inf,272,53144
1787493402431,normal,kmeans_iter_64,normal,0,ok,inf,inf,2,inf,273,53208
1787493402431,mal,inf_loop_cpu,mal,30,trap_soft_timeout,inf,inf,1,inf,273,53208
1787493402461,mal,mem_bomb,mal,32,trap_soft_timeout,inf,inf,1088,inf,273,53208
1787493402493,mal,mem_bomb,mal,33,trap_soft_timeout,inf,inf,832,inf,273,53208
1787493402526,normal,conv_16_16,normal,0,ok,inf,inf,3,inf,274,53208
1787493402526,normal,rsort_1k,normal,3,ok,inf,inf,2,inf,275,53208
1787493402529,normal,rsort_1k,normal,3,ok,inf,inf,2,inf,276,53272
1787493402532,mal,stack_blow,mal,2,trap_oom_crash,inf,inf,0,inf,276,53272
1787493402534,mal,inf_loop_cpu,mal,30,trap_soft_timeout,inf,inf,1,inf,276,53272
1787493402570,normal,mul_512,normal,0,ok,inf,inf,1,inf,277,53272
1787493402570,normal,mul_512,normal,0,ok,inf,inf,1,inf,278,53272
1787493402570,mal,inf_loop_cpu,mal,30,trap_soft_timeout,inf,inf,1,inf,278,53272
1787493402600,normal,sqrt_1k,normal,0,ok,inf,inf,1,inf,279,53272
1787493402600,normal,mul_512,normal,0,ok,inf,inf,1,inf,280,53272
1787493402600,normal,qsort_512,normal,0,ok,inf,inf,2,inf,281,53272
1787493402600,mal,inf_loop_cpu,mal,30,trap_soft_timeout,inf,inf,1,inf,281,53272
1787493402630,normal,mat_8x8,normal,0,ok,inf,inf,1,inf,282,53272
1787493402630,mal,inf_loop_cpu,mal,30,trap_soft_timeout,inf,inf,1,inf,282,53272
1787493402660,normal,sha_64B_em,normal,0,ok,inf,inf,1,inf,283,53272
1787493402660,normal,sha_64B_em,normal,0,ok,inf,inf,1,inf,284,53272
1787493402660,normal,qsort_512,normal,0,ok,inf,inf,2,inf,285,53272
1787493402660,mal,mem_bomb,mal,30,trap_soft_timeout,inf,inf,960,inf,285,53336
1787493402690,mal,inf_loop_cpu,mal,30,trap_soft_timeout,inf,inf,1,inf,285,53336
1787493402720,mal,mem_bomb,mal,30,trap_soft_timeout,inf,inf,960,inf,285,53336
1787493402750,normal,sum_u64_16k,normal,0,ok,inf,inf,4,inf,286,53336
1787493402750,normal,mat_8x8,normal,0,ok,inf,inf,1,inf,287,53336
1787493402750,mal,mem_bomb,mal,30,trap_soft_timeout,inf,inf,1024,inf,287,53336
1787493402780,normal,sum_u64_16k,normal,0,ok,inf,inf,4,inf,288,53336
1787493402780,mal,inf_loop_cpu,mal,30,trap_soft_timeout,inf,inf,1,inf,288,53336
1787493402810,normal,kmeans_iter_64,normal,0,ok,inf,inf,2,inf,289,53336
1787493402810,mal,stack_blow,mal,2,trap_oom_crash,inf,inf,0,inf,289,53336
1787493402812,mal,stack_blow,mal,2,trap_oom_crash,inf,inf,0,inf,289,53336
1787493402814,normal,rsort_1k,normal,1,ok,inf,inf,2,inf,290,53336
1787493402815,mal,mem_bomb,mal,30,trap_soft_timeout,inf,inf,896,inf,290,53336
1787493402845,normal,mat_8x8,normal,0,ok,inf,inf,1,inf,291,53336
1787493402845,mal,inf_loop_cpu,mal,30,trap_soft_timeout,inf,inf,1,inf,291,53336
1787493402875,normal,rsort_1k,normal,2,ok,inf,inf,2,inf,292,53336
1787493402877,normal,sha_64B_em,normal,0,ok,inf,inf,1,inf,293,53336
1787493402877,normal,sha_64B_em,normal,0,ok,inf,inf,1,inf,294,53336
1787493402877,mal,syscall_probe,mal,0,ok,inf,inf,1,inf,295,53336
1787493402877,mal,mem_bomb,mal,33,trap_soft_timeout,inf,inf,704,inf,295,53400
1787493402911,normal,add_1024,normal,0,ok,inf,inf,1,inf,296,53400
1787493402911,mal,inf_loop_cpu,mal,30,trap_soft_timeout,inf,inf,1,inf,296,53400
1787493402941,normal,fib_25,normal,3,ok,inf,inf,1,inf,297,53400
1787493402944,normal,sqrt_1k,normal,0,ok,inf,inf,1,inf,298,53400
1787493402944,normal,conv_16_16,normal,0,ok,inf,inf,3,inf,299,53400
1787493402944,normal,sum_u64_16k,normal,0,ok,inf,inf,4,inf,300,53400
1787493402944,mal,stack_blow,mal,2,trap_oom_crash,inf,inf,0,inf,300,53400
1787493402946,normal,kmeans_iter_64,normal,0,ok,inf,inf,2,inf,301,53400
1787493402946,mal,stack_blow,mal,3,trap_oom_crash,inf,inf,0,inf,301,53400
1787493402949,normal,sha_64B_em,normal,0,ok,inf,inf,1,inf,302,53400
1787493402949,mal,inf_loop_cpu,mal,30,trap_soft_timeout,inf,inf,1,inf,302,53400
1787493402979,mal,mem_bomb,mal,30,trap_soft_timeout,inf,inf,960,inf,302,53420
1787493403009,normal,mul_512,normal,0,ok,inf,inf,1,inf,303,53420
1787493403009,normal,mat_8x8,normal,0,ok,inf,inf,1,inf,304,53420
1787493403009,mal,inf_loop_cpu,mal,30,trap_soft_timeout,inf,inf,1,inf,304,53420
1787493403039,normal,qsort_512,normal,0,ok,inf,inf,2,inf,305,53420
1787493403039,normal,fib_25,normal,3,ok,inf,inf,1,inf,306,53420
1787493403042,mal,inf_loop_cpu,mal,30,trap_soft_timeout,inf,inf,1,inf,306,53420
1787493403072,normal,conv_16_16,normal,0,ok,inf,inf,3,inf,307,53420
1787493403072,mal,mem_bomb,mal,31,trap_soft_timeout,inf,inf,448,inf,307,53420
1787493403103,normal,fib_25,normal,3,ok,inf,inf,1,inf,308,53420
1787493403106,normal,add_1024,normal,0,ok,inf,inf,1,inf,309,53420
1787493403106,mal,mem_bomb,mal,30,trap_soft_timeout,inf,inf,896,inf,309,53420
1787493403136,normal,sum_u64_16k,normal,0,ok,inf,inf,4,inf,310,53420
1787493403137,mal,mem_bomb,mal,31,trap_soft_timeout,inf,inf,704,inf,310,53420
1787493403168,normal,rsort_1k,normal,6,ok,inf,inf,2,inf,311,53428
1787493403174,mal,inf_loop_cpu,mal,30,trap_soft_timeout,inf,inf,1,inf,311,53428
1787493403204,normal,sum_u64_16k,normal,0,ok,inf,inf,4,inf,312,53428
1787493403204,normal,mul_512,normal,0,ok,inf,inf,1,inf,313,53428
1787493403204,normal,kmeans_iter_64,normal,0,ok,inf,inf,2,inf,314,53428
1787493403204,normal,grep_8k,normal,0,ok,inf,inf,2,inf,315,53428
1787493403204,normal,kmeans_iter_64,normal,0,ok,inf,inf,2,inf,316,53428
1787493403204,normal,fib_25,normal,3,ok,inf,inf,1,inf,317,53428
1787493403208,normal,rsort_1k,normal,2,ok,inf,inf,2,inf,318,53472
1787493403210,mal,mem_bomb,mal,32,trap_soft_timeout,inf,inf,960,inf,318,53540
1787493403242,normal,sqrt_1k,normal,0,ok,inf,inf,1,inf,319,53540
1787493403242,normal,rsort_1k,normal,2,ok,inf,inf,2,inf,320,53604
1787493403244,normal,qsort_512,normal,1,ok,inf,inf,2,inf,321,53604
1787493403245,mal,mem_bomb,mal,32,trap_soft_timeout,inf,inf,576,inf,321,53604
1787493403278,normal,add_1024,normal,0,ok,inf,inf,1,inf,322,53604
1787493403278,normal,qsort_512,normal,0,ok,inf,inf,2,inf,323,53604
1787493403278,normal,fib_25,normal,4,ok,inf,inf,1,inf,324,53604
1787493403282,normal,sum_u64_16k,normal,0,ok,inf,inf,4,inf,325,53604
1787493403282,normal,grep_8k,normal,0,ok,inf,inf,2,inf,326,53604
1787493403283,normal,kmeans_iter_64,normal,0,ok,inf,inf,2,inf,327,53604
1787493403283,mal,syscall_probe,mal,0,ok,inf,inf,1,inf,328,53604
1787493403283,mal,inf_loop_cpu,mal,30,trap_soft_timeout,inf,inf,1,inf,328,53604
1787493403313,mal,inf_loop_cpu,mal,30,trap_soft_timeout,inf,inf,1,inf,328,53604
1787493403343,mal,mem_bomb,mal,30,trap_soft_timeout,inf,inf,576,inf,328,53608
1787493403373,normal,kmeans_iter_64,normal,0,ok,inf,inf,2,inf,329,53608
1787493403374,mal,inf_loop_cpu,mal,30,trap_soft_timeout,inf,inf,1,inf,329,53608
1787493403404,normal,sum_u64_16k,normal,0,ok,inf,inf,4,inf,330,53608
1787493403404,mal,mem_bomb,mal,30,trap_soft_timeout,inf,inf,768,inf,330,53608
1787493403434,normal,sqrt_1k,normal,0,ok,inf,inf,1,inf,331,53608
1787493403434,mal,mem_bomb,mal,31,trap_soft_timeout,inf,inf,640,inf,331,53608
1787493403465,mal,stack_blow,mal,4,trap_oom_crash,inf,inf,0,inf,331,53608
1787493403469,normal,add_1024,normal,0,ok,inf,inf,1,inf,332,53608
1787493403469,normal,mat_8x8,normal,0,ok,inf,inf,1,inf,333,53608
1787493403469,mal,inf_loop_cpu,mal,30,trap_soft_timeout,inf,inf,1,inf,333,53608
1787493403499,mal,stack_blow,mal,3,trap_oom_crash,inf,inf,0,inf,333,53608
1787493403502,mal,inf_loop_cpu,mal,30,trap_soft_timeout,inf,inf,1,inf,333,53608
1787493403532,normal,mul_512,normal,0,ok,inf,inf,1,inf,334,53608
1787493403532,normal,grep_8k,normal,0,ok,inf,inf,2,inf,335,53608
1787493403532,mal,mem_bomb,mal,32,trap_soft_timeout,inf,inf,576,inf,335,53608
1787493403564,normal,sha_64B_em,normal,0,ok,inf,inf,1,inf,336,53608
1787493403564,normal,add_1024,normal,0,ok,inf,inf,1,inf,337,53608
1787493403564,normal,fib_25,normal,3,ok,inf,inf,1,inf,338,53608
1787493403567,normal,sum_u64_16k,normal,1,ok,inf,inf,4,inf,339,53608
1787493403568,normal,add_1024,normal,0,ok,inf,inf,1,inf,340,53608
1787493403568,mal,inf_loop_cpu,mal,30,trap_soft_timeout,inf,inf,1,inf,340,53608
1787493403598,normal,rsort_1k,normal,3,ok,inf,inf,2,inf,341,53652
1787493403601,mal,inf_loop_cpu,mal,30,trap_soft_timeout,inf,inf,1,inf,341,53652
1787493403631,mal,mem_bomb,mal,31,trap_soft_timeout,inf,inf,896,inf,341,53656
1787493403662,normal,rsort_1k,normal,4,ok,inf,inf,2,inf,342,53720
1787493403666,mal,inf_loop_cpu,mal,30,trap_soft_timeout,inf,inf,1,inf,342,53720
1787493403696,normal,fib_25,normal,4,ok,inf,inf,1,inf,343,53720
1787493403700,mal,mem_bomb,mal,30,trap_soft_timeout,inf,inf,768,inf,343,53792
1787493403730,normal,fib_25,normal,2,ok,inf,inf,1,inf,344,53792
1787493403732,normal,mul_512,normal,0,ok,inf,inf,1,inf,345,53792
1787493403732,mal,stack_blow,mal,3,trap_oom_crash,inf,inf,0,inf,345,53792
1787493403735,normal,sha_64B_em,normal,0,ok,inf,inf,1,inf,346,53792
1787493403735,normal,grep_8k,normal,0,ok,inf,inf,2,inf,347,53792
1787493403735,mal,mem_bomb,mal,31,trap_soft_timeout,inf,inf,576,inf,347,53792
1787493403766,normal,kmeans_iter_64,normal,0,ok,inf,inf,2,inf,348,53792
1787493403766,normal,sum_u64_16k,normal,0,ok,inf,inf,4,inf,349,53792
1787493403766,normal,sha_64B_em,normal,0,ok,inf,inf,1,inf,350,53792
1787493403766,mal,mem_bomb,mal,31,trap_soft_timeout,inf,inf,960,inf,350,53792
1787493403797,mal,mem_bomb,mal,31,trap_soft_timeout,inf,inf,320,inf,350,53792
1787493403828,mal,stack_blow,mal,3,trap_oom_crash,inf,inf,0,inf,350,53792
1787493403832,normal,kmeans_iter_64,normal,0,ok,inf,inf,2,inf,351,53792
1787493403832,normal,conv_16_16,normal,0,ok,inf,inf,3,inf,352,53792
1787493403832,mal,inf_loop_cpu,mal,30,trap_soft_timeout,inf,inf,1,inf,352,53792
1787493403862,normal,grep_8k,normal,0,ok,inf,inf,2,inf,353,53792
1787493403862,normal,kmeans_iter_64,normal,0,ok,inf,inf,2,inf,354,53792
1787493403862,normal,grep_8k,normal,0,ok,inf,inf,2,inf,355,53792
1787493403862,mal,mem_bomb,mal,32,trap_soft_timeout,inf,inf,960,inf,355,53792
1787493403895,normal,add_1024,normal,0,ok,inf,inf,1,inf,356,53792
1787493403895,mal,inf_loop_cpu,mal,30,trap_soft_timeout,inf,inf,1,inf,356,53792
1787493403925,mal,mem_bomb,mal,30,trap_soft_timeout,inf,inf,640,inf,356,53792
1787493403955,normal,mul_512,normal,0,ok,inf,inf,1,inf,357,53792
1787493403955,normal,rsort_1k,normal,4,ok,inf,inf,2,inf,358,53792
1787493403959,mal,inf_loop_cpu,mal,30,trap_soft_timeout,inf,inf,1,inf,358,53792
1787493403989,normal,sha_64B_em,normal,0,ok,inf,inf,1,inf,359,53792
1787493403989,mal,stack_blow,mal,3,trap_oom_crash,inf,inf,0,inf,359,53792
1787493403993,mal,inf_loop_cpu,mal,30,trap_soft_timeout,inf,inf,1,inf,359,53792
1787493404023,mal,inf_loop_cpu,mal,30,trap_soft_timeout,inf,inf,1,inf,359,53792
1787493404053,mal,mem_bomb,mal,31,trap_soft_timeout,inf,inf,768,inf,359,53856
1787493404084,mal,inf_loop_cpu,mal,30,trap_soft_timeout,inf,inf,1,inf,359,53856
1787493404114,mal,inf_loop_cpu,mal,30,trap_soft_timeout,inf,inf,1,inf,359,53856
1787493404144,normal,qsort_512,normal,0,ok,inf,inf,2,inf,360,53856
1787493404144,mal,inf_loop_cpu,mal,30,trap_soft_timeout,inf,inf,1,inf,360,53856
1787493404174,normal,qsort_512,normal,0,ok,inf,inf,2,inf,361,53856
1787493404174,mal,mem_bomb,mal,35,trap_soft_timeout,inf,inf,384,inf,361,53856
1787493404209,normal,sum_u64_16k,normal,0,ok,inf,inf,4,inf,362,53856
1787493404209,normal,rsort_1k,normal,7,ok,inf,inf,2,inf,363,53856
1787493404216,mal,inf_loop_cpu,mal,30,trap_soft_timeout,inf,inf,1,inf,363,53856
1787493404246,normal,mat_8x8,normal,0,ok,inf,inf,1,inf,364,53856
1787493404246,normal,kmeans_iter_64,normal,0,ok,inf,inf,2,inf,365,53856
1787493404246,mal,inf_loop_cpu,mal,30,trap_soft_timeout,inf,inf,1,inf,365,53856
1787493404276,mal,stack_blow,mal,4,trap_oom_crash,inf,inf,0,inf,365,53856
1787493404280,normal,add_1024,normal,1,ok,inf,inf,1,inf,366,53856
1787493404281,normal,rsort_1k,normal,2,ok,inf,inf,2,inf,367,53920
1787493404283,mal,stack_blow,mal,2,trap_oom_crash,inf,inf,0,inf,367,53920
1787493404286,normal,qsort_512,normal,0,ok,inf,inf,2,inf,368,53920
1787493404286,mal,inf_loop_cpu,mal,30,trap_soft_timeout,inf,inf,1,inf,368,53920
1787493404316,normal,conv_16_16,normal,0,ok,inf,inf,3,inf,369,53920
1787493404316,mal,stack_blow,mal,3,trap_oom_crash,inf,inf,0,inf,369,53920
1787493404319,mal,inf_loop_cpu,mal,30,trap_soft_timeout,inf,inf,1,inf,369,53920
1787493404349,mal,syscall_probe,mal,0,ok,inf,inf,1,inf,370,53920
1787493404349,mal,stack_blow,mal,4,trap_oom_crash,inf,inf,0,inf,370,53920
1787493404353,mal,inf_loop_cpu,mal,30,trap_soft_timeout,inf,inf,1,inf,370,53920
1787493404383,normal,add_1024,normal,0,ok,inf,inf,1,inf,371,53920
1787493404383,mal,inf_loop_cpu,mal,30,trap_soft_timeout,inf,inf,1,inf,371,53920
1787493404413,mal,mem_bomb,mal,31,trap_soft_timeout,inf,inf,320,inf,371,53932
1787493404444,mal,stack_blow,mal,3,trap_oom_crash,inf,inf,0,inf,371,53932
1787493404447,mal,inf_loop_cpu,mal,30,trap_soft_timeout,inf,inf,1,inf,371,53932
1787493404477,normal,sha_64B_em,normal,0,ok,inf,inf,1,inf,372,53932
1787493404477,mal,stack_blow,mal,5,trap_oom_crash,inf,inf,0,inf,372,53932
1787493404482,mal,inf_loop_cpu,mal,30,trap_soft_timeout,inf,inf,1,inf,372,53932
1787493404512,mal,inf_loop_cpu,mal,30,trap_soft_timeout,inf,inf,1,inf,372,53932
1787493404542,normal,qsort_512,normal,1,ok,inf,inf,2,inf,373,53932
1787493404543,normal,sha_64B_em,normal,0,ok,inf,inf,1,inf,374,53932
1787493404543,normal,kmeans_iter_64,normal,1,ok,inf,inf,2,inf,375,53932
1787493404544,normal,mul_512,normal,0,ok,inf,inf,1,inf,376,53932
1787493404544,mal,inf_loop_cpu,mal,30,trap_soft_timeout,inf,inf,1,inf,376,53932
1787493404574,mal,inf_loop_cpu,mal,36,trap_soft_timeout,inf,inf,1,inf,376,53932
1787493404610,mal,mem_bomb,mal,31,trap_soft_timeout,inf,inf,832,inf,376,53932
1787493404641,normal,conv_16_16,normal,0,ok,inf,inf,3,inf,377,53932
1787493404641,normal,rsort_1k,normal,1,ok,inf,inf,2,inf,378,53996
1787493404642,mal,inf_loop_cpu,mal,30,trap_soft_timeout,inf,inf,1,inf,378,53996
1787493404672,normal,sha_64B_em,normal,0,ok,inf,inf,1,inf,379,53996
1787493404672,normal,mul_512,normal,0,ok,inf,inf,1,inf,380,53996
1787493404672,mal,mem_bomb,mal,30,trap_soft_timeout,inf,inf,960,inf,380,53996
1787493404702,mal,inf_loop_cpu,mal,31,trap_soft_timeout,inf,inf,1,inf,380,53996
1787493404733,normal,mat_8x8,normal,0,ok,inf,inf,1,inf,381,53996
1787493404733,mal,inf_loop_cpu,mal,30,trap_soft_timeout,inf,inf,1,inf,381,53996
1787493404763,normal,kmeans_iter_64,normal,0,ok,inf,inf,2,inf,382,53996
1787493404763,normal,conv_16_16,normal,0,ok,inf,inf,3,inf,383,53996
1787493404763,mal,inf_loop_cpu,mal,30,trap_soft_timeout,inf,inf,1,inf,383,53996
1787493404793,normal,rsort_1k,normal,1,ok,inf,inf,2,inf,384,53996
1787493404794,mal,inf_loop_cpu,mal,30,trap_soft_timeout,inf,inf,1,inf,384,53996
1787493404824,normal,fib_25,normal,2,ok,inf,inf,1,inf,385,53996
1787493404826,normal,qsort_512,normal,0,ok,inf,inf,2,inf,386,53996
1787493404826,mal,inf_loop_cpu,mal,30,trap_soft_timeout,inf,inf,1,inf,386,53996
1787493404856,normal,kmeans_iter_64,normal,0,ok,inf,inf,2,inf,387,53996
1787493404856,mal,mem_bomb,mal,31,trap_soft_timeout,inf,inf,640,inf,387,53996
1787493404887,mal,stack_blow,mal,2,trap_oom_crash,inf,inf,0,inf,387,53996
1787493404889,normal,sqrt_1k,normal,0,ok,inf,inf,1,inf,388,53996
1787493404889,normal,kmeans_iter_64,normal,0,ok,inf,inf,2,inf,389,53996
1787493404889,normal,add_1024,normal,0,ok,inf,inf,1,inf,390,53996
1787493404889,normal,grep_8k,normal,0,ok,inf,inf,2,inf,391,53996
1787493404889,mal,mem_bomb,mal,30,trap_soft_timeout,inf,inf,512,inf,391,54008
1787493404919,normal,qsort_512,normal,1,ok,inf,inf,2,inf,392,54008
1787493404920,normal,rsort_1k,normal,1,ok,inf,inf,2,inf,393,54072
1787493404921,normal,rsort_1k,normal,1,ok,inf,inf,2,inf,394,54136
1787493404922,normal,sum_u64_16k,normal,0,ok,inf,inf,4,inf,395,54136
1787493404922,normal,mat_8x8,normal,0,ok,inf,inf,1,inf,396,54136
1787493404922,normal,kmeans_iter_64,normal,0,ok,inf,inf,2,inf,397,54136
1787493404922,normal,mat_8x8,normal,0,ok,inf,inf,1,inf,398,54136
1787493404922,normal,qsort_512,normal,5,ok,inf,inf,2,inf,399,54136
1787493404927,mal,inf_loop_cpu,mal,30,trap_soft_timeout,inf,inf,1,inf,399,54136
1787493404957,mal,inf_loop_cpu,mal,30,trap_soft_timeout,inf,inf,1,inf,399,54136
1787493404987,mal,inf_loop_cpu,mal,30,trap_soft_timeout,inf,inf,1,inf,399,54136
1787493405017,normal,mul_512,normal,0,ok,inf,inf,1,inf,400,54136
1787493405017,normal,sum_u64_16k,normal,0,ok,inf,inf,4,inf,401,54136
1787493405017,normal,qsort_512,normal,0,ok,inf,inf,2,inf,402,54136
1787493405017,mal,inf_loop_cpu,mal,30,trap_soft_timeout,inf,inf,1,inf,402,54136
1787493405047,mal,inf_loop_cpu,mal,30,trap_soft_timeout,inf,inf,1,inf,402,54136
1787493405077,mal,mem_bomb,mal,30,trap_soft_timeout,inf,inf,704,inf,402,54164
1787493405107,normal,sha_64B_em,normal,0,ok,inf,inf,1,inf,403,54164
1787493405107,mal,mem_bomb,mal,31,trap_soft_timeout,inf,inf,832,inf,403,54164
1787493405138,mal,mem_bomb,mal,30,trap_soft_timeout,inf,inf,640,inf,403,54164
1787493405169,mal,inf_loop_cpu,mal,30,trap_soft_timeout,inf,inf,1,inf,403,54164
1787493405199,normal,sha_64B_em,normal,0,ok,inf,inf,1,inf,404,54164
1787493405199,normal,sha_64B_em,normal,0,ok,inf,inf,1,inf,405,54164
1787493405199,normal,fib_25,normal,2,ok,inf,inf,1,inf,406,54164
1787493405201,normal,sum_u64_16k,normal,0,ok,inf,inf,4,inf,407,54164
1787493405201,mal,inf_loop_cpu,mal,30,trap_soft_timeout,inf,inf,1,inf,407,54164
1787493405231,mal,mem_bomb,mal,31,trap_soft_timeout,inf,inf,512,inf,407,54164
1787493405262,normal,sqrt_1k,normal,0,ok,inf,inf,1,inf,408,54164
1787493405262,normal,mul_512,normal,0,ok,inf,inf,1,inf,409,54164
1787493405262,mal,mem_bomb,mal,31,trap_soft_timeout,inf,inf,512,inf,409,54164
1787493405293,normal,add_1024,normal,0,ok,inf,inf,1,inf,410,54164
1787493405293,mal,inf_loop_cpu,mal,36,trap_soft_timeout,inf,inf,1,inf,410,54164
1787493405329,normal,fib_25,normal,2,ok,inf,inf,1,inf,411,54164
1787493405331,mal,stack_blow,mal,6,trap_oom_crash,inf,inf,0,inf,411,54164
1787493405337,mal,inf_loop_cpu,mal,30,trap_soft_timeout,inf,inf,1,inf,411,54164
1787493405367,mal,mem_bomb,mal,31,trap_soft_timeout,inf,inf,768,inf,411,54164
1787493405398,normal,qsort_512,normal,0,ok,inf,inf,2,inf,412,54164
1787493405398,mal,inf_loop_cpu,mal,30,trap_soft_timeout,inf,inf,1,inf,412,54164
1787493405428,mal,inf_loop_cpu,mal,30,trap_soft_timeout,inf,inf,1,inf,412,54164
1787493405458,normal,fib_25,normal,2,ok,inf,inf,1,inf,413,54164
1787493405460,mal,mem_bomb,mal,31,trap_soft_timeout,inf,inf,704,inf,413,54164
1787493405491,normal,add_1024,normal,0,ok,inf,inf,1,inf,414,54164
1787493405491,normal,sqrt_1k,normal,0,ok,inf,inf,1,inf,415,54164
1787493405491,mal,inf_loop_cpu,mal,30,trap_soft_timeout,inf,inf,1,inf,415,54164
1787493405521,mal,mem_bomb,mal,32,trap_soft_timeout,inf,inf,512,inf,415,54164
1787493405553,normal,mat_8x8,normal,0,ok,inf,inf,1,inf,416,54164
1787493405553,normal,rsort_1k,normal,1,ok,inf,inf,2,inf,417,54172
1787493405554,mal,inf_loop_cpu,mal,30,trap_soft_timeout,inf,inf,1,inf,417,54172
1787493405585,normal,sum_u64_16k,normal,0,ok,inf,inf,4,inf,418,54172
1787493405585,mal,syscall_probe,mal,0,ok,inf,inf,1,inf,419,54172
1787493405585,mal,stack_blow,mal,5,trap_oom_crash,inf,inf,0,inf,419,54172
1787493405590,normal,grep_8k,normal,0,ok,inf,inf,2,inf,420,54172
1787493405590,mal,mem_bomb,mal,31,trap_soft_timeout,inf,inf,576,inf,420,54188
1787493405621,normal,conv_16_16,normal,0,ok,inf,inf,3,inf,421,54188
1787493405621,mal,inf_loop_cpu,mal,30,trap_soft_timeout,inf,inf,1,inf,421,54188
1787493405651,mal,mem_bomb,mal,32,trap_soft_timeout,inf,inf,768,inf,421,54188
1787493405683,normal,sha_64B_em,normal,0,ok,inf,inf,1,inf,422,54188
1787493405683,normal,fib_25,normal,2,ok,inf,inf,1,inf,423,54188
1787493405685,normal,sum_u64_16k,normal,0,ok,inf,inf,4,inf,424,54188
1787493405685,mal,stack_blow,mal,2,trap_oom_crash,inf,inf,0,inf,424,54188
1787493405687,mal,inf_loop_cpu,mal,30,trap_soft_timeout,inf,inf,1,inf,424,54188
1787493405717,normal,sqrt_1k,normal,0,ok,inf,inf,1,inf,425,54188
1787493405717,normal,kmeans_iter_64,normal,0,ok,inf,inf,2,inf,426,54188
1787493405717,mal,syscall_probe,mal,0,ok,inf,inf,1,inf,427,54188
1787493405717,mal,inf_loop_cpu,mal,30,trap_soft_timeout,inf,inf,1,inf,427,54188
1787493405747,mal,stack_blow,mal,2,trap_oom_crash,inf,inf,0,inf,427,54188
1787493405749,mal,mem_bomb,mal,31,trap_soft_timeout,inf,inf,1088,inf,427,54188
1787493405780,normal,sum_u64_16k,normal,0,ok,inf,inf,4,inf,428,54188
1787493405780,normal,mul_512,normal,0,ok,inf,inf,1,inf,429,54188
1787493405780,mal,mem_bomb,mal,31,trap_soft_timeout,inf,inf,1088,inf,429,54188
1787493405811,normal,conv_16_16,normal,0,ok,inf,inf,3,inf,430,54188
1787493405811,mal,mem_bomb,mal,31,trap_soft_timeout,inf,inf,960,inf,430,54188
1787493405842,mal,inf_loop_cpu,mal,30,trap_soft_timeout,inf,inf,1,inf,430,54188
1787493405872,normal,sum_u64_16k,normal,0,ok,inf,inf,4,inf,431,54188
1787493405872,normal,sum_u64_16k,normal,0,ok,inf,inf,4,inf,432,54188
1787493405872,normal,qsort_512,normal,0,ok,inf,inf,2,inf,433,54188
1787493405872,mal,mem_bomb,mal,31,trap_soft_timeout,inf,inf,1024,inf,433,54192
1787493405903,normal,add_1024,normal,0,ok,inf,inf,1,inf,434,54192
1787493405903,normal,add_1024,normal,0,ok,inf,inf,1,inf,435,54192
1787493405903,normal,mul_512,normal,0,ok,inf,inf,1,inf,436,54192
1787493405903,normal,qsort_512,normal,0,ok,inf,inf,2,inf,437,54192
1787493405903,mal,syscall_probe,mal,0,ok,inf,inf,1,inf,438,54192
1787493405903,normal,fib_25,normal,5,ok,inf,inf,1,inf,439,54192
1787493405908,mal,inf_loop_cpu,mal,31,trap_soft_timeout,inf,inf,1,inf,439,54192
1787493405939,mal,mem_bomb,mal,30,trap_soft_timeout,inf,inf,960,inf,439,54196
1787493405969,mal,inf_loop_cpu,mal,30,trap_soft_timeout,inf,inf,1,inf,439,54196
1787493405999,mal,stack_blow,mal,2,trap_oom_crash,inf,inf,0,inf,439,54196
1787493406001,normal,mat_8x8,normal,0,ok,inf,inf,1,inf,440,54196
1787493406001,normal,qsort_512,normal,0,ok,inf,inf,2,inf,441,54196
1787493406001,mal,inf_loop_cpu,mal,30,trap_soft_timeout,inf,inf,1,inf,441,54196
1787493406031,normal,mat_8x8,normal,0,ok,inf,inf,1,inf,442,54196
1787493406031,mal,inf_loop_cpu,mal,30,trap_soft_timeout,inf,inf,1,inf,442,54196
1787493406061,mal,inf_loop_cpu,mal,30,trap_soft_timeout,inf,inf,1,inf,442,54196
1787493406091,mal,mem_bomb,mal,34,trap_soft_timeout,inf,inf,384,inf,442,54196
1787493406125,mal,inf_loop_cpu,mal,42,trap_soft_timeout,inf,inf,1,inf,442,54196
1787493406167,mal,stack_blow,mal,2,trap_oom_crash,inf,inf,0,inf,442,54196
1787493406169,normal,sum_u64_16k,normal,0,ok,inf,inf,4,inf,443,54196
1787493406169,normal,grep_8k,normal,0,ok,inf,inf,2,inf,444,54196
1787493406169,normal,rsort_1k,normal,1,ok,inf,inf,2,inf,445,54240
1787493406170,normal,add_1024,normal,0,ok,inf,inf,1,inf,446,54240
1787493406170,mal,syscall_probe,mal,0,ok,inf,inf,1,inf,447,54240
1787493406170,mal,stack_blow,mal,3,trap_oom_crash,inf,inf,0,inf,447,54240
1787493406173,mal,mem_bomb,mal,30,trap_soft_timeout,inf,inf,640,inf,447,54312
1787493406203,normal,kmeans_iter_64,normal,0,ok,inf,inf,2,inf,448,54312
1787493406203,normal,conv_16_16,normal,0,ok,inf,inf,3,inf,449,54312
1787493406203,normal,mul_512,normal,0,ok,inf,inf,1,inf,450,54312
1787493406203,mal,inf_loop_cpu,mal,54,trap_soft_timeout,inf,inf,1,inf,450,54312
1787493406257,normal,mul_512,normal,0,ok,inf,inf,1,inf,451,54312
1787493406257,mal,mem_bomb,mal,35,trap_soft_timeout,inf,inf,192,inf,451,54312
1787493406292,mal,inf_loop_cpu,mal,30,trap_soft_timeout,inf,inf,1,inf,451,54312
1787493406322,normal,qsort_512,normal,0,ok,inf,inf,2,inf,452,54312
1787493406322,normal,rsort_1k,normal,1,ok,inf,inf,2,inf,453,54312
1787493406323,normal,qsort_512,normal,0,ok,inf,inf,2,inf,454,54312
1787493406323,mal,inf_loop_cpu,mal,54,trap_soft_timeout,inf,inf,1,inf,454,54312
1787493406377,mal,syscall_probe,mal,0,ok,inf,inf,1,inf,455,54312
1787493406377,mal,syscall_probe,mal,1,ok,inf,inf,1,inf,456,54312
1787493406378,normal,fib_25,normal,1,ok,inf,inf,1,inf,457,54312
1787493406379,mal,inf_loop_cpu,mal,30,trap_soft_timeout,inf,inf,1,inf,457,54312
1787493406409,mal,stack_blow,mal,33,trap_soft_timeout,inf,inf,0,inf,457,54312
1787493406442,normal,mul_512,normal,0,ok,inf,inf,1,inf,458,54312
1787493406442,normal,mul_512,normal,0,ok,inf,inf,1,inf,459,54312
1787493406442,mal,inf_loop_cpu,mal,30,trap_soft_timeout,inf,inf,1,inf,459,54312
1787493406472,mal,inf_loop_cpu,mal,31,trap_soft_timeout,inf,inf,1,inf,459,54312
1787493406503,mal,inf_loop_cpu,mal,30,trap_soft_timeout,inf,inf,1,inf,459,54312
1787493406533,normal,grep_8k,normal,0,ok,inf,inf,2,inf,460,54312
1787493406533,normal,mat_8x8,normal,0,ok,inf,inf,1,inf,461,54312
1787493406533,mal,mem_bomb,mal,40,trap_soft_timeout,inf,inf,576,inf,461,54328
1787493406573,normal,mul_512,normal,0,ok,inf,inf,1,inf,462,54328
1787493406573,mal,stack_blow,mal,2,trap_oom_crash,inf,inf,0,inf,462,54328
1787493406575,mal,inf_loop_cpu,mal,30,trap_soft_timeout,inf,inf,1,inf,462,54328
1787493406610,normal,mul_512,normal,0,ok,inf,inf,1,inf,463,54328
1787493406610,normal,kmeans_iter_64,normal,0,ok,inf,inf,2,inf,464,54328
1787493406610,normal,mul_512,normal,0,ok,inf,inf,1,inf,465,54328
1787493406610,normal,rsort_1k,normal,1,ok,inf,inf,2,inf,466,54368
1787493406612,mal,inf_loop_cpu,mal,40,trap_soft_timeout,inf,inf,1,inf,466,54368
1787493406652,normal,sha_64B_em,normal,0,ok,inf,inf,1,inf,467,54368
1787493406652,mal,inf_loop_cpu,mal,30,trap_soft_timeout,inf,inf,1,inf,467,54368
1787493406682,normal,fib_25,normal,2,ok,inf,inf,1,inf,468,54368
1787493406684,mal,inf_loop_cpu,mal,30,trap_soft_timeout,inf,inf,1,inf,468,54368
1787493406714,mal,mem_bomb,mal,31,trap_soft_timeout,inf,inf,768,inf,468,54504
1787493406745,mal,syscall_probe,mal,0,ok,inf,inf,1,inf,469,54504
1787493406745,normal,fib_25,normal,2,ok,inf,inf,1,inf,470,54504
1787493406747,mal,mem_bomb,mal,31,trap_soft_timeout,inf,inf,832,inf,470,54504
1787493406778,mal,inf_loop_cpu,mal,37,trap_soft_timeout,inf,inf,1,inf,470,54504
1787493406815,mal,syscall_probe,mal,0,ok,inf,inf,1,inf,471,54504
1787493406815,normal,sqrt_1k,normal,0,ok,inf,inf,1,inf,472,54504
1787493406815,normal,sum_u64_16k,normal,0,ok,inf,inf,4,inf,473,54504
1787493406816,mal,inf_loop_cpu,mal,30,trap_soft_timeout,inf,inf,1,inf,473,54504
1787493406846,normal,rsort_1k,normal,2,ok,inf,inf,2,inf,474,54504
1787493406848,mal,syscall_probe,mal,0,ok,inf,inf,1,inf,475,54504
1787493406848,normal,sum_u64_16k,normal,0,ok,inf,inf,4,inf,476,54504
1787493406848,mal,inf_loop_cpu,mal,30,trap_soft_timeout,inf,inf,1,inf,476,54504
1787493406878,mal,inf_loop_cpu,mal,30,trap_soft_timeout,inf,inf,1,inf,476,54504
1787493406908,normal,qsort_512,normal,0,ok,inf,inf,2,inf,477,54504
1787493406908,mal,inf_loop_cpu,mal,30,trap_soft_timeout,inf,inf,1,inf,477,54504
1787493406938,mal,stack_blow,mal,1,trap_oom_crash,inf,inf,0,inf,477,54504
1787493406939,mal,inf_loop_cpu,mal,30,trap_soft_timeout,inf,inf,1,inf,477,54504
1787493406969,mal,stack_blow,mal,2,trap_oom_crash,inf,inf,0,inf,477,54504
1787493406971,normal,rsort_1k,normal,1,ok,inf,inf,2,inf,478,54568
1787493406973,normal,sqrt_1k,normal,0,ok,inf,inf,1,inf,479,54568
1787493406973,normal,rsort_1k,normal,1,ok,inf,inf,2,inf,480,54632
1787493406974,mal,inf_loop_cpu,mal,30,trap_soft_timeout,inf,inf,1,inf,480,54632
1787493407004,mal,inf_loop_cpu,mal,30,trap_soft_timeout,inf,inf,1,inf,480,54632
1787493407034,mal,inf_loop_cpu,mal,30,trap_soft_timeout,inf,inf,1,inf,480,54632
1787493407064,mal,stack_blow,mal,3,trap_oom_crash,inf,inf,0,inf,480,54632
1787493407067,mal,inf_loop_cpu,mal,30,trap_soft_timeout,inf,inf,1,inf,480,54632
1787493407097,mal,mem_bomb,mal,32,trap_soft_timeout,inf,inf,1024,inf,480,54696
1787493407129,mal,stack_blow,mal,3,trap_oom_crash,inf,inf,0,inf,480,54696
1787493407132,normal,qsort_512,normal,0,ok,inf,inf,2,inf,481,54696
1787493407132,normal,sum_u64_16k,normal,0,ok,inf,inf,4,inf,482,54696
1787493407132,mal,inf_loop_cpu,mal,30,trap_soft_timeout,inf,inf,1,inf,482,54696
1787493407162,mal,inf_loop_cpu,mal,30,trap_soft_timeout,inf,inf,1,inf,482,54696
1787493407192,normal,qsort_512,normal,0,ok,inf,inf,2,inf,483,54696
1787493407192,mal,inf_loop_cpu,mal,30,trap_soft_timeout,inf,inf,1,inf,483,54696
1787493407222,normal,rsort_1k,normal,2,ok,inf,inf,2,inf,484,54696
1787493407224,normal,conv_16_16,normal,0,ok,inf,inf,3,inf,485,54696
1787493407225,normal,mat_8x8,normal,0,ok,inf,inf,1,inf,486,54696
1787493407225,normal,sqrt_1k,normal,0,ok,inf,inf,1,inf,487,54696
1787493407225,normal,mul_512,normal,0,ok,inf,inf,1,inf,488,54696
1787493407225,normal,grep_8k,normal,0,ok,inf,inf,2,inf,489,54696
1787493407225,normal,sum_u64_16k,normal,0,ok,inf,inf,4,inf,490,54696
1787493407225,normal,mat_8x8,normal,0,ok,inf,inf,1,inf,491,54696
1787493407225,mal,inf_loop_cpu,mal,30,trap_soft_timeout,inf,inf,1,inf,491,54696
1787493407255,mal,inf_loop_cpu,mal,30,trap_soft_timeout,inf,inf,1,inf,491,54696
1787493407285,mal,mem_bomb,mal,32,trap_soft_timeout,inf,inf,896,inf,491,54696
1787493407317,normal,qsort_512,normal,1,ok,inf,inf,2,inf,492,54696
1787493407318,normal,conv_16_16,normal,0,ok,inf,inf,3,inf,493,54740
1787493407318,mal,inf_loop_cpu,mal,30,trap_soft_timeout,inf,inf,1,inf,493,54724
1787493407348,normal,conv_16_16,normal,0,ok,inf,inf,3,inf,494,54724
1787493407348,mal,inf_loop_cpu,mal,30,trap_soft_timeout,inf,inf,1,inf,494,54724
1787493407378,normal,conv_16_16,normal,0,ok,inf,inf,3,inf,495,54724
1787493407378,mal,stack_blow,mal,3,trap_oom_crash,inf,inf,0,inf,495,54724
1787493407381,mal,mem_bomb,mal,31,trap_soft_timeout,inf,inf,960,inf,495,54744
1787493407413,mal,stack_blow,mal,3,trap_oom_crash,inf,inf,0,inf,495,54744
1787493407417,mal,mem_bomb,mal,36,trap_soft_timeout,inf,inf,640,inf,495,54744
1787493407453,normal,sha_64B_em,normal,0,ok,inf,inf,1,inf,496,54744
1787493407453,mal,mem_bomb,mal,32,trap_soft_timeout,inf,inf,768,inf,496,54744
1787493407485,mal,inf_loop_cpu,mal,30,trap_soft_timeout,inf,inf,1,inf,496,54744
1787493407515,mal,inf_loop_cpu,mal,30,trap_soft_timeout,inf,inf,1,inf,496,54744
1787493407545,normal,rsort_1k,normal,2,ok,inf,inf,2,inf,497,54788
1787493407547,mal,inf_loop_cpu,mal,30,trap_soft_timeout,inf,inf,1,inf,497,54788
1787493407577,normal,mul_512,normal,0,ok,inf,inf,1,inf,498,54788
1787493407577,normal,fib_25,normal,3,ok,inf,inf,1,inf,499,54788
1787493407580,mal,mem_bomb,mal,32,trap_soft_timeout,inf,inf,704,inf,499,54864
1787493407612,mal,mem_bomb,mal,31,trap_soft_timeout,inf,inf,896,inf,499,54864
1787493407643,mal,inf_loop_cpu,mal,30,trap_soft_timeout,inf,inf,1,inf,499,54864
1787493407673,mal,stack_blow,mal,2,trap_oom_crash,inf,inf,0,inf,499,54864
1787493407675,mal,inf_loop_cpu,mal,30,trap_soft_timeout,inf,inf,1,inf,499,54864
1787493407705,normal,mat_8x8,normal,0,ok,inf,inf,1,inf,500,54864
1787493407705,normal,add_1024,normal,0,ok,inf,inf,1,inf,501,54864
1787493407705,mal,mem_bomb,mal,30,trap_soft_timeout,inf,inf,704,inf,501,54864
1787493407735,mal,stack_blow,mal,4,trap_oom_crash,inf,inf,0,inf,501,54864
1787493407739,mal,inf_loop_cpu,mal,30,trap_soft_timeout,inf,inf,1,inf,501,54864
1787493407769,normal,mat_8x8,normal,0,ok,inf,inf,1,inf,502,54864
1787493407769,normal,rsort_1k,normal,1,ok,inf,inf,2,inf,503,54864
1787493407770,normal,fib_25,normal,4,ok,inf,inf,1,inf,504,54864
1787493407774,normal,conv_16_16,normal,0,ok,inf,inf,3,inf,505,54864
1787493407774,normal,conv_16_16,normal,0,ok,inf,inf,3,inf,506,54864
1787493407774,mal,inf_loop_cpu,mal,30,trap_soft_timeout,inf,inf,1,inf,506,54864
1787493407804,normal,sum_u64_16k,normal,0,ok,inf,inf,4,inf,507,54864
1787493407804,normal,rsort_1k,normal,1,ok,inf,inf,2,inf,508,54928
1787493407805,normal,grep_8k,normal,1,ok,inf,inf,2,inf,509,54928
1787493407806,mal,mem_bomb,mal,30,trap_soft_timeout,inf,inf,832,inf,509,54956
1787493407836,normal,rsort_1k,normal,8,ok,inf,inf,2,inf,510,55048
1787493407844,mal,mem_bomb,mal,32,trap_soft_timeout,inf,inf,832,inf,510,55048
1787493407877,mal,mem_bomb,mal,30,trap_soft_timeout,inf,inf,832,inf,510,55048
1787493407907,mal,inf_loop_cpu,mal,30,trap_soft_timeout,inf,inf,1,inf,510,55048
1787493407937,mal,inf_loop_cpu,mal,30,trap_soft_timeout,inf,inf,1,inf,510,55048
1787493407967,normal,grep_8k,normal,0,ok,inf,inf,2,inf,511,55048
1787493407967,mal,inf_loop_cpu,mal,30,trap_soft_timeout,inf,inf,1,inf,511,55048
1787493407997,normal,add_1024,normal,0,ok,inf,inf,1,inf,512,55048
1787493407997,mal,mem_bomb,mal,30,trap_soft_timeout,inf,inf,704,inf,512,55048
1787493408027,normal,conv_16_16,normal,0,ok,inf,inf,3,inf,513,55048
1787493408027,mal,mem_bomb,mal,30,trap_soft_timeout,inf,inf,576,inf,513,55048
1787493408057,normal,sha_64B_em,normal,0,ok,inf,inf,1,inf,514,55048
1787493408057,mal,stack_blow,mal,2,trap_oom_crash,inf,inf,0,inf,514,55048
1787493408059,normal,rsort_1k,normal,2,ok,inf,inf,2,inf,515,55112
1787493408061,mal,inf_loop_cpu,mal,30,trap_soft_timeout,inf,inf,1,inf,515,55112
1787493408091,mal,inf_loop_cpu,mal,30,trap_soft_timeout,inf,inf,1,inf,515,55112
1787493408121,mal,stack_blow,mal,3,trap_oom_crash,inf,inf,0,inf,515,55112
1787493408124,normal,qsort_512,normal,0,ok,inf,inf,2,inf,516,55112
1787493408124,normal,kmeans_iter_64,normal,0,ok,inf,inf,2,inf,517,55112
1787493408124,mal,mem_bomb,mal,33,trap_soft_timeout,inf,inf,768,inf,517,55112
1787493408157,mal,mem_bomb,mal,33,trap_soft_timeout,inf,inf,384,inf,517,55112
1787493408190,normal,fib_25,normal,1,ok,inf,inf,1,inf,518,55112
1787493408192,mal,mem_bomb,mal,33,trap_soft_timeout,inf,inf,768,inf,518,55112
1787493408225,mal,inf_loop_cpu,mal,30,trap_soft_timeout,inf,inf,1,inf,518,55112
1787493408255,mal,inf_loop_cpu,mal,30,trap_soft_timeout,inf,inf,1,inf,518,55112
1787493408285,mal,stack_blow,mal,2,trap_oom_crash,inf,inf,0,inf,518,55112
1787493408287,mal,mem_bomb,mal,31,trap_soft_timeout,inf,inf,704,inf,518,55112
1787493408318,mal,stack_blow,mal,2,trap_oom_crash,inf,inf,0,inf,518,55112
1787493408320,mal,inf_loop_cpu,mal,30,trap_soft_timeout,inf,inf,1,inf,518,55112
1787493408350,normal,sha_64B_em,normal,0,ok,inf,inf,1,inf,519,55112
1787493408350,normal,kmeans_iter_64,normal,0,ok,inf,inf,2,inf,520,55112
1787493408350,mal,mem_bomb,mal,31,trap_soft_timeout,inf,inf,640,inf,520,55112
1787493408381,mal,inf_loop_cpu,mal,32,trap_soft_timeout,inf,inf,1,inf,520,55112
1787493408413,mal,inf_loop_cpu,mal,30,trap_soft_timeout,inf,inf,1,inf,520,55112
1787493408443,mal,mem_bomb,mal,31,trap_soft_timeout,inf,inf,512,inf,520,55112
1787493408474,mal,inf_loop_cpu,mal,30,trap_soft_timeout,inf,inf,1,inf,520,55112
1787493408504,normal,grep_8k,normal,0,ok,inf,inf,2,inf,521,55112
1787493408504,normal,mul_512,normal,0,ok,inf,inf,1,inf,522,55112
1787493408504,mal,stack_blow,mal,3,trap_oom_crash,inf,inf,0,inf,522,55112
1787493408507,normal,mul_512,normal,0,ok,inf,inf,1,inf,523,55112
1787493408507,mal,stack_blow,mal,3,trap_oom_crash,inf,inf,0,inf,523,55112
1787493408510,normal,mul_512,normal,0,ok,inf,inf,1,inf,524,55112
1787493408510,normal,fib_25,normal,3,ok,inf,inf,1,inf,525,55112
1787493408513,normal,qsort_512,normal,0,ok,inf,inf,2,inf,526,55112
1787493408514,mal,inf_loop_cpu,mal,30,trap_soft_timeout,inf,inf,1,inf,526,55112
1787493408544,mal,mem_bomb,mal,30,trap_soft_timeout,inf,inf,704,inf,526,55112
1787493408575,mal,inf_loop_cpu,mal,30,trap_soft_timeout,inf,inf,1,inf,526,55112
1787493408605,mal,mem_bomb,mal,31,trap_soft_timeout,inf,inf,704,inf,526,55112
1787493408636,normal,qsort_512,normal,1,ok,inf,inf,2,inf,527,55112
1787493408637,mal,syscall_probe,mal,0,ok,inf,inf,1,inf,528,55112
1787493408637,mal,stack_blow,mal,3,trap_oom_crash,inf,inf,0,inf,528,55112
1787493408640,mal,mem_bomb,mal,34,trap_soft_timeout,inf,inf,640,inf,528,55112
1787493408674,mal,inf_loop_cpu,mal,30,trap_soft_timeout,inf,inf,1,inf,528,55112
1787493408704,normal,add_1024,normal,0,ok,inf,inf,1,inf,529,55112
1787493408704,mal,mem_bomb,mal,30,trap_soft_timeout,inf,inf,704,inf,529,55112
1787493408734,mal,inf_loop_cpu,mal,30,trap_soft_timeout,inf,inf,1,inf,529,55112
1787493408765,mal,mem_bomb,mal,30,trap_soft_timeout,inf,inf,960,inf,529,55112
1787493408795,mal,mem_bomb,mal,31,trap_soft_timeout,inf,inf,576,inf,529,55112
1787493408826,normal,conv_16_16,normal,0,ok,inf,inf,3,inf,530,55112
1787493408826,mal,mem_bomb,mal,32,trap_soft_timeout,inf,inf,512,inf,530,55112
1787493408858,normal,fib_25,normal,2,ok,inf,inf,1,inf,531,55112
1787493408860,normal,sha_64B_em,normal,0,ok,inf,inf,1,inf,532,55112
1787493408860,normal,sqrt_1k,normal,0,ok,inf,inf,1,inf,533,55112
1787493408860,normal,kmeans_iter_64,normal,1,ok,inf,inf,2,inf,534,55112
1787493408861,normal,conv_16_16,normal,0,ok,inf,inf,3,inf,535,55112
1787493408861,mal,inf_loop_cpu,mal,30,trap_soft_timeout,inf,inf,1,inf,535,55112
1787493408891,mal,inf_loop_cpu,mal,30,trap_soft_timeout,inf,inf,1,inf,535,55112
1787493408921,normal,mul_512,normal,0,ok,inf,inf,1,inf,536,55112
1787493408921,normal,kmeans_iter_64,normal,0,ok,inf,inf,2,inf,537,55112
1787493408921,normal,sum_u64_16k,normal,0,ok,inf,inf,4,inf,538,55112
1787493408921,mal,stack_blow,mal,3,trap_oom_crash,inf,inf,0,inf,538,55112
1787493408924,mal,mem_bomb,mal,31,trap_soft_timeout,inf,inf,576,inf,538,55112
1787493408955,mal,mem_bomb,mal,31,trap_soft_timeout,inf,inf,768,inf,538,55112
1787493408986,mal,syscall_probe,mal,0,ok,inf,inf,1,inf,539,55112
1787493408986,normal,conv_16_16,normal,0,ok,inf,inf,3,inf,540,55112
1787493408986,mal,mem_bomb,mal,31,trap_soft_timeout,inf,inf,704,inf,540,55112
1787493409017,mal,inf_loop_cpu,mal,30,trap_soft_timeout,inf,inf,1,inf,540,55112
1787493409047,normal,fib_25,normal,1,ok,inf,inf,1,inf,541,55112
1787493409048,mal,mem_bomb,mal,30,trap_soft_timeout,inf,inf,448,inf,541,55112
1787493409078,mal,inf_loop_cpu,mal,30,trap_soft_timeout,inf,inf,1,inf,541,55112
1787493409108,normal,sha_64B_em,normal,0,ok,inf,inf,1,inf,542,55112
1787493409108,normal,kmeans_iter_64,normal,1,ok,inf,inf,2,inf,543,55112
1787493409109,mal,syscall_probe,mal,0,ok,inf,inf,1,inf,544,55112
1787493409109,mal,inf_loop_cpu,mal,30,trap_soft_timeout,inf,inf,1,inf,544,55112
1787493409139,normal,add_1024,normal,0,ok,inf,inf,1,inf,545,55112
1787493409139,mal,mem_bomb,mal,31,trap_soft_timeout,inf,inf,832,inf,545,55112
1787493409170,normal,kmeans_iter_64,normal,0,ok,inf,inf,2,inf,546,55112
1787493409170,mal,mem_bomb,mal,36,trap_soft_timeout,inf,inf,640,inf,546,55112
1787493409207,normal,sqrt_1k,normal,0,ok,inf,inf,1,inf,547,55112
1787493409207,normal,sha_64B_em,normal,0,ok,inf,inf,1,inf,548,55112
1787493409207,mal,stack_blow,mal,3,trap_oom_crash,inf,inf,0,inf,548,55112
1787493409210,normal,rsort_1k,normal,2,ok,inf,inf,2,inf,549,55112
1787493409212,mal,inf_loop_cpu,mal,30,trap_soft_timeout,inf,inf,1,inf,549,55112
1787493409242,normal,add_1024,normal,1,ok,inf,inf,1,inf,550,55112
1787493409243,mal,inf_loop_cpu,mal,30,trap_soft_timeout,inf,inf,1,inf,550,55112
1787493409273,normal,conv_16_16,normal,0,ok,inf,inf,3,inf,551,55112
1787493409273,mal,inf_loop_cpu,mal,30,trap_soft_timeout,inf,inf,1,inf,551,55112
1787493409303,normal,sqrt_1k,normal,0,ok,inf,inf,1,inf,552,55112
1787493409303,mal,inf_loop_cpu,mal,30,trap_soft_timeout,inf,inf,1,inf,552,55112
1787493409333,mal,mem_bomb,mal,30,trap_soft_timeout,inf,inf,576,inf,552,55176
1787493409363,mal,mem_bomb,mal,30,trap_soft_timeout,inf,inf,832,inf,552,55176
1787493409394,normal,fib_25,normal,5,ok,inf,inf,1,inf,553,55176
1787493409399,mal,stack_blow,mal,3,trap_oom_crash,inf,inf,0,inf,553,55176
1787493409402,normal,qsort_512,normal,2,ok,inf,inf,2,inf,554,55176
1787493409404,mal,mem_bomb,mal,30,trap_soft_timeout,inf,inf,448,inf,554,55176
1787493409434,normal,add_1024,normal,0,ok,inf,inf,1,inf,555,55176
1787493409434,mal,inf_loop_cpu,mal,30,trap_soft_timeout,inf,inf,1,inf,555,55176
1787493409464,normal,sum_u64_16k,normal,0,ok,inf,inf,4,inf,556,55176
1787493409464,mal,inf_loop_cpu,mal,30,trap_soft_timeout,inf,inf,1,inf,556,55176
1787493409494,normal,sum_u64_16k,normal,0,ok,inf,inf,4,inf,557,55176
1787493409494,normal,sha_64B_em,normal,0,ok,inf,inf,1,inf,558,55176
1787493409494,mal,stack_blow,mal,3,trap_oom_crash,inf,inf,0,inf,558,55176
1787493409497,normal,add_1024,normal,0,ok,inf,inf,1,inf,559,55176
1787493409497,mal,stack_blow,mal,3,trap_oom_crash,inf,inf,0,inf,559,55176
1787493409501,normal,conv_16_16,normal,0,ok,inf,inf,3,inf,560,55176
1787493409501,normal,kmeans_iter_64,normal,0,ok,inf,inf,2,inf,561,55180
1787493409501,mal,inf_loop_cpu,mal,31,trap_soft_timeout,inf,inf,1,inf,561,55292
1787493409532,mal,stack_blow,mal,4,trap_oom_crash,inf,inf,0,inf,561,55292
1787493409536,mal,inf_loop_cpu,mal,30,trap_soft_timeout,inf,inf,1,inf,561,55292
1787493409566,mal,inf_loop_cpu,mal,30,trap_soft_timeout,inf,inf,1,inf,561,55292
1787493409597,normal,sha_64B_em,normal,0,ok,inf,inf,1,inf,562,55292
1787493409597,mal,mem_bomb,mal,30,trap_soft_timeout,inf,inf,768,inf,562,55296
1787493409627,mal,inf_loop_cpu,mal,30,trap_soft_timeout,inf,inf,1,inf,562,55296
1787493409657,normal,grep_8k,normal,1,ok,inf,inf,2,inf,563,55296
1787493409658,mal,mem_bomb,mal,33,trap_soft_timeout,inf,inf,448,inf,563,55296
1787493409691,mal,inf_loop_cpu,mal,30,trap_soft_timeout,inf,inf,1,inf,563,55296
1787493409721,mal,inf_loop_cpu,mal,30,trap_soft_timeout,inf,inf,1,inf,563,55296
1787493409751,normal,sum_u64_16k,normal,0,ok,inf,inf,4,inf,564,55296
1787493409751,mal,stack_blow,mal,7,trap_oom_crash,inf,inf,0,inf,564,55296
1787493409759,normal,mat_8x8,normal,0,ok,inf,inf,1,inf,565,55296
1787493409759,normal,rsort_1k,normal,3,ok,inf,inf,2,inf,566,55296
1787493409763,normal,mat_8x8,normal,0,ok,inf,inf,1,inf,567,55296
1787493409763,mal,inf_loop_cpu,mal,30,trap_soft_timeout,inf,inf,1,inf,567,55296
1787493409793,mal,inf_loop_cpu,mal,30,trap_soft_timeout,inf,inf,1,inf,567,55296
1787493409823,mal,mem_bomb,mal,32,trap_soft_timeout,inf,inf,576,inf,567,55296
1787493409855,mal,mem_bomb,mal,33,trap_soft_timeout,inf,inf,704,inf,567,55296
1787493409888,mal,mem_bomb,mal,36,trap_soft_timeout,inf,inf,704,inf,567,55296
1787493409924,mal,stack_blow,mal,2,trap_oom_crash,inf,inf,0,inf,567,55296
1787493409926,mal,inf_loop_cpu,mal,30,trap_soft_timeout,inf,inf,1,inf,567,55296
1787493409957,normal,grep_8k,normal,0,ok,inf,inf,2,inf,568,55296
1787493409961,mal,mem_bomb,mal,30,trap_soft_timeout,inf,inf,704,inf,568,55308
1787493409991,normal,qsort_512,normal,2,ok,inf,inf,2,inf,569,55308
1787493409993,normal,kmeans_iter_64,normal,0,ok,inf,inf,2,inf,570,55308
1787493409993,mal,inf_loop_cpu,mal,30,trap_soft_timeout,inf,inf,1,inf,570,55308
1787493410023,mal,mem_bomb,mal,34,trap_soft_timeout,inf,inf,576,inf,570,55308
1787493410057,normal,sum_u64_16k,normal,0,ok,inf,inf,4,inf,571,55308
1787493410057,mal,inf_loop_cpu,mal,30,trap_soft_timeout,inf,inf,1,inf,571,55308
1787493410087,mal,mem_bomb,mal,33,trap_soft_timeout,inf,inf,704,inf,571,55308
1787493410120,mal,mem_bomb,mal,30,trap_soft_timeout,inf,inf,704,inf,571,55308
1787493410150,normal,grep_8k,normal,0,ok,inf,inf,2,inf,572,55308
1787493410150,mal,mem_bomb,mal,31,trap_soft_timeout,inf,inf,704,inf,572,55308
1787493410181,mal,inf_loop_cpu,mal,30,trap_soft_timeout,inf,inf,1,inf,572,55308
1787493410211,mal,mem_bomb,mal,31,trap_soft_timeout,inf,inf,768,inf,572,55308
1787493410242,mal,syscall_probe,mal,0,ok,inf,inf,1,inf,573,55308
1787493410242,normal,fib_25,normal,3,ok,inf,inf,1,inf,574,55308
1787493410245,normal,qsort_512,normal,1,ok,inf,inf,2,inf,575,55308
1787493410246,mal,mem_bomb,mal,31,trap_soft_timeout,inf,inf,768,inf,575,55308
1787493410277,normal,add_1024,normal,0,ok,inf,inf,1,inf,576,55308
1787493410277,mal,mem_bomb,mal,33,trap_soft_timeout,inf,inf,704,inf,576,55308
1787493410310,mal,inf_loop_cpu,mal,30,trap_soft_timeout,inf,inf,1,inf,576,55308
1787493410340,normal,add_1024,normal,0,ok,inf,inf,1,inf,577,55308
1787493410340,normal,conv_16_16,normal,0,ok,inf,inf,3,inf,578,55308
1787493410340,normal,mul_512,normal,0,ok,inf,inf,1,inf,579,55308
1787493410340,mal,inf_loop_cpu,mal,30,trap_soft_timeout,inf,inf,1,inf,579,55308
1787493410370,mal,inf_loop_cpu,mal,30,trap_soft_timeout,inf,inf,1,inf,579,55308
1787493410400,normal,sqrt_1k,normal,0,ok,inf,inf,1,inf,580,55308
1787493410400,mal,stack_blow,mal,6,trap_oom_crash,inf,inf,0,inf,580,55308
1787493410406,mal,stack_blow,mal,3,trap_oom_crash,inf,inf,0,inf,580,55308
1787493410409,normal,mul_512,normal,0,ok,inf,inf,1,inf,581,55308
1787493410409,normal,sqrt_1k,normal,0,ok,inf,inf,1,inf,582,55308
1787493410409,normal,rsort_1k,normal,3,ok,inf,inf,2,inf,583,55348
1787493410412,normal,mat_8x8,normal,0,ok,inf,inf,1,inf,584,55348
1787493410412,normal,sha_64B_em,normal,0,ok,inf,inf,1,inf,585,55348
1787493410412,normal,add_1024,normal,0,ok,inf,inf,1,inf,586,55348
1787493410412,normal,grep_8k,normal,0,ok,inf,inf,2,inf,587,55348
1787493410412,normal,fib_25,normal,2,ok,inf,inf,1,inf,588,55348
1787493410414,normal,add_1024,normal,0,ok,inf,inf,1,inf,589,55348
1787493410415,normal,add_1024,normal,0,ok,inf,inf,1,inf,590,55348
1787493410415,mal,inf_loop_cpu,mal,30,trap_soft_timeout,inf,inf,1,inf,590,55348
1787493410445,normal,conv_16_16,normal,0,ok,inf,inf,3,inf,591,55348
1787493410445,mal,inf_loop_cpu,mal,30,trap_soft_timeout,inf,inf,1,inf,591,55348
1787493410475,normal,kmeans_iter_64,normal,0,ok,inf,inf,2,inf,592,55348
1787493410475,mal,inf_loop_cpu,mal,30,trap_soft_timeout,inf,inf,1,inf,592,55348
1787493410505,mal,inf_loop_cpu,mal,30,trap_soft_timeout,inf,inf,1,inf,592,55348
1787493410535,mal,mem_bomb,mal,32,trap_soft_timeout,inf,inf,1024,inf,592,55348
1787493410567,normal,qsort_512,normal,0,ok,inf,inf,2,inf,593,55348
1787493410567,normal,mul_512,normal,0,ok,inf,inf,1,inf,594,55348
1787493410568,mal,mem_bomb,mal,31,trap_soft_timeout,inf,inf,640,inf,594,55348
1787493410599,mal,inf_loop_cpu,mal,30,trap_soft_timeout,inf,inf,1,inf,594,55348
1787493410629,normal,sha_64B_em,normal,0,ok,inf,inf,1,inf,595,55348
1787493410629,normal,add_1024,normal,0,ok,inf,inf,1,inf,596,55348
1787493410629,normal,add_1024,normal,0,ok,inf,inf,1,inf,597,55348
1787493410629,normal,kmeans_iter_64,normal,0,ok,inf,inf,2,inf,598,55348
1787493410629,normal,sha_64B_em,normal,0,ok,inf,inf,1,inf,599,55348
1787493410629,normal,add_1024,normal,0,ok,inf,inf,1,inf,600,55348
1787493410629,normal,mat_8x8,normal,0,ok,inf,inf,1,inf,601,55348
1787493410629,normal,rsort_1k,normal,2,ok,inf,inf,2,inf,602,55428
1787493410631,mal,mem_bomb,mal,32,trap_soft_timeout,inf,inf,704,inf,602,55428
1787493410664,mal,inf_loop_cpu,mal,30,trap_soft_timeout,inf,inf,1,inf,602,55428
1787493410694,mal,inf_loop_cpu,mal,30,trap_soft_timeout,inf,inf,1,inf,602,55428
1787493410724,normal,rsort_1k,normal,2,ok,inf,inf,2,inf,603,55492
1787493410726,normal,kmeans_iter_64,normal,0,ok,inf,inf,2,inf,604,55492
1787493410730,normal,conv_16_16,normal,0,ok,inf,inf,3,inf,605,55492
1787493410731,mal,inf_loop_cpu,mal,30,trap_soft_timeout,inf,inf,1,inf,605,55492
1787493410761,normal,sha_64B_em,normal,0,ok,inf,inf,1,inf,606,55492
1787493410761,mal,inf_loop_cpu,mal,30,trap_soft_timeout,inf,inf,1,inf,606,55492
1787493410791,mal,inf_loop_cpu,mal,30,trap_soft_timeout,inf,inf,1,inf,606,55492
1787493410821,normal,add_1024,normal,0,ok,inf,inf,1,inf,607,55492
1787493410821,normal,qsort_512,normal,0,ok,inf,inf,2,inf,608,55492
1787493410821,mal,inf_loop_cpu,mal,30,trap_soft_timeout,inf,inf,1,inf,608,55492
1787493410851,mal,mem_bomb,mal,33,trap_soft_timeout,inf,inf,640,inf,608,55492
1787493410884,mal,inf_loop_cpu,mal,30,trap_soft_timeout,inf,inf,1,inf,608,55492
1787493410914,mal,stack_blow,mal,1,trap_oom_crash,inf,inf,0,inf,608,55492
1787493410915,mal,stack_blow,mal,2,trap_oom_crash,inf,inf,0,inf,608,55492
1787493410918,mal,inf_loop_cpu,mal,30,trap_soft_timeout,inf,inf,1,inf,608,55492
1787493410948,normal,kmeans_iter_64,normal,0,ok,inf,inf,2,inf,609,55492
1787493410948,normal,conv_16_16,normal,0,ok,inf,inf,3,inf,610,55492
1787493410948,mal,stack_blow,mal,2,trap_oom_crash,inf,inf,0,inf,610,55492
1787493410950,normal,rsort_1k,normal,1,ok,inf,inf,2,inf,611,55556
1787493410951,mal,inf_loop_cpu,mal,30,trap_soft_timeout,inf,inf,1,inf,611,55556
1787493410981,mal,inf_loop_cpu,mal,30,trap_soft_timeout,inf,inf,1,inf,611,55556
1787493411011,mal,inf_loop_cpu,mal,30,trap_soft_timeout,inf,inf,1,inf,611,55556
1787493411041,mal,mem_bomb,mal,30,trap_soft_timeout,inf,inf,512,inf,611,55556
1787493411071,normal,mat_8x8,normal,0,ok,inf,inf,1,inf,612,55556
1787493411071,normal,grep_8k,normal,0,ok,inf,inf,2,inf,613,55556
1787493411071,mal,inf_loop_cpu,mal,30,trap_soft_timeout,inf,inf,1,inf,613,55556
1787493411101,mal,inf_loop_cpu,mal,30,trap_soft_timeout,inf,inf,1,inf,613,55556
1787493411131,mal,syscall_probe,mal,0,ok,inf,inf,1,inf,614,55556
1787493411131,normal,mat_8x8,normal,0,ok,inf,inf,1,inf,615,55556
1787493411131,normal,conv_16_16,normal,0,ok,inf,inf,3,inf,616,55556
1787493411131,mal,stack_blow,mal,2,trap_oom_crash,inf,inf,0,inf,616,55556
1787493411134,normal,mat_8x8,normal,0,ok,inf,inf,1,inf,617,55556
1787493411134,normal,mat_8x8,normal,0,ok,inf,inf,1,inf,618,55556
1787493411134,normal,rsort_1k,normal,3,ok,inf,inf,2,inf,619,55620
1787493411137,mal,inf_loop_cpu,mal,30,trap_soft_timeout,inf,inf,1,inf,619,55620
1787493411167,mal,inf_loop_cpu,mal,30,trap_soft_timeout,inf,inf,1,inf,619,55620
1787493411197,mal,inf_loop_cpu,mal,30,trap_soft_timeout,inf,inf,1,inf,619,55620
1787493411227,normal,qsort_512,normal,1,ok,inf,inf,2,inf,620,55620
1787493411228,mal,mem_bomb,mal,31,trap_soft_timeout,inf,inf,640,inf,620,55620
1787493411259,normal,sqrt_1k,normal,0,ok,inf,inf,1,inf,621,55620
1787493411259,mal,stack_blow,mal,3,trap_oom_crash,inf,inf,0,inf,621,55620
1787493411262,normal,rsort_1k,normal,2,ok,inf,inf,2,inf,622,55620
1787493411264,mal,stack_blow,mal,2,trap_oom_crash,inf,inf,0,inf,622,55620
1787493411266,normal,grep_8k,normal,0,ok,inf,inf,2,inf,623,55620
1787493411266,normal,sum_u64_16k,normal,0,ok,inf,inf,4,inf,624,55620
1787493411266,normal,conv_16_16,normal,0,ok,inf,inf,3,inf,625,55620
1787493411266,mal,mem_bomb,mal,32,trap_soft_timeout,inf,inf,896,inf,625,55620
1787493411299,normal,sha_64B_em,normal,0,ok,inf,inf,1,inf,626,55620
1787493411299,normal,qsort_512,normal,0,ok,inf,inf,2,inf,627,55620
1787493411299,mal,mem_bomb,mal,30,trap_soft_timeout,inf,inf,384,inf,627,55620
1787493411329,normal,fib_25,normal,3,ok,inf,inf,1,inf,628,55620
1787493411332,normal,rsort_1k,normal,2,ok,inf,inf,2,inf,629,55684
1787493411334,normal,sum_u64_16k,normal,0,ok,inf,inf,4,inf,630,55684
1787493411334,mal,mem_bomb,mal,31,trap_soft_timeout,inf,inf,1024,inf,630,55748
1787493411365,mal,inf_loop_cpu,mal,30,trap_soft_timeout,inf,inf,1,inf,630,55748
1787493411395,normal,rsort_1k,normal,3,ok,inf,inf,2,inf,631,55748
1787493411398,normal,rsort_1k,normal,2,ok,inf,inf,2,inf,632,55812
1787493411400,mal,mem_bomb,mal,36,trap_soft_timeout,inf,inf,384,inf,632,55848
1787493411436,mal,inf_loop_cpu,mal,30,trap_soft_timeout,inf,inf,1,inf,632,55848
1787493411466,mal,mem_bomb,mal,34,trap_soft_timeout,inf,inf,640,inf,632,55848
1787493411500,mal,inf_loop_cpu,mal,30,trap_soft_timeout,inf,inf,1,inf,632,55848
1787493411530,mal,mem_bomb,mal,32,trap_soft_timeout,inf,inf,512,inf,632,55848
1787493411562,normal,conv_16_16,normal,0,ok,inf,inf,3,inf,633,55848
1787493411562,normal,grep_8k,normal,0,ok,inf,inf,2,inf,634,55848
1787493411562,normal,fib_25,normal,3,ok,inf,inf,1,inf,635,55848
1787493411565,normal,grep_8k,normal,0,ok,inf,inf,2,inf,636,55848
1787493411565,mal,inf_loop_cpu,mal,30,trap_soft_timeout,inf,inf,1,inf,636,55848
1787493411595,normal,qsort_512,normal,0,ok,inf,inf,2,inf,637,55848
1787493411595,normal,mat_8x8,normal,0,ok,inf,inf,1,inf,638,55848
1787493411595,mal,syscall_probe,mal,0,ok,inf,inf,1,inf,639,55848
1787493411595,normal,fib_25,normal,3,ok,inf,inf,1,inf,640,55848
1787493411598,normal,grep_8k,normal,0,ok,inf,inf,2,inf,641,55848
1787493411598,normal,add_1024,normal,0,ok,inf,inf,1,inf,642,55848
1787493411598,mal,mem_bomb,mal,31,trap_soft_timeout,inf,inf,768,inf,642,55848
1787493411629,mal,inf_loop_cpu,mal,30,trap_soft_timeout,inf,inf,1,inf,642,55848
1787493411659,mal,inf_loop_cpu,mal,30,trap_soft_timeout,inf,inf,1,inf,642,55848
1787493411689,normal,sum_u64_16k,normal,0,ok,inf,inf,4,inf,643,55848
1787493411689,mal,mem_bomb,mal,30,trap_soft_timeout,inf,inf,512,inf,643,55848
1787493411719,mal,mem_bomb,mal,32,trap_soft_timeout,inf,inf,512,inf,643,55848
1787493411751,normal,mat_8x8,normal,0,ok,inf,inf,1,inf,644,55848
1787493411751,mal,inf_loop_cpu,mal,30,trap_soft_timeout,inf,inf,1,inf,644,55848
1787493411781,normal,grep_8k,normal,0,ok,inf,inf,2,inf,645,55848
1787493411781,mal,stack_blow,mal,5,trap_oom_crash,inf,inf,0,inf,645,55848
1787493411786,normal,mul_512,normal,0,ok,inf,inf,1,inf,646,55848
1787493411786,normal,add_1024,normal,0,ok,inf,inf,1,inf,647,55848
1787493411786,normal,rsort_1k,normal,4,ok,inf,inf,2,inf,648,55848
1787493411791,normal,sha_64B_em,normal,0,ok,inf,inf,1,inf,649,55848
1787493411791,normal,mul_512,normal,0,ok,inf,inf,1,inf,650,55848
1787493411791,normal,qsort_512,normal,0,ok,inf,inf,2,inf,651,55848
1787493411791,normal,fib_25,normal,3,ok,inf,inf,1,inf,652,55848
1787493411794,mal,mem_bomb,mal,32,trap_soft_timeout,inf,inf,704,inf,652,55860
1787493411826,mal,mem_bomb,mal,31,trap_soft_timeout,inf,inf,576,inf,652,55864
1787493411858,normal,sha_64B_em,normal,0,ok,inf,inf,1,inf,653,55864
1787493411858,normal,sum_u64_16k,normal,0,ok,inf,inf,4,inf,654,55864
1787493411858,normal,qsort_512,normal,0,ok,inf,inf,2,inf,655,55864
1787493411858,mal,inf_loop_cpu,mal,30,trap_soft_timeout,inf,inf,1,inf,655,55864
1787493411888,normal,sqrt_1k,normal,0,ok,inf,inf,1,inf,656,55864
1787493411888,normal,conv_16_16,normal,0,ok,inf,inf,3,inf,657,55864
1787493411888,normal,sum_u64_16k,normal,0,ok,inf,inf,4,inf,658,55864
1787493411888,mal,mem_bomb,mal,32,trap_soft_timeout,inf,inf,576,inf,658,55864
1787493411920,normal,sha_64B_em,normal,0,ok,inf,inf,1,inf,659,55864
1787493411920,mal,inf_loop_cpu,mal,30,trap_soft_timeout,inf,inf,1,inf,659,55864
1787493411950,normal,rsort_1k,normal,3,ok,inf,inf,2,inf,660,55956
1787493411953,normal,mat_8x8,normal,0,ok,inf,inf,1,inf,661,55956
1787493411953,mal,mem_bomb,mal,31,trap_soft_timeout,inf,inf,576,inf,661,55972
1787493411984,normal,conv_16_16,normal,0,ok,inf,inf,3,inf,662,55972
1787493411984,mal,mem_bomb,mal,31,trap_soft_timeout,inf,inf,704,inf,662,55972
1787493412015,mal,inf_loop_cpu,mal,30,trap_soft_timeout,inf,inf,1,inf,662,55972
1787493412045,mal,mem_bomb,mal,32,trap_soft_timeout,inf,inf,448,inf,662,55972
1787493412077,mal,inf_loop_cpu,mal,31,trap_soft_timeout,inf,inf,1,inf,662,55972
1787493412108,normal,sum_u64_16k,normal,0,ok,inf,inf,4,inf,663,55972
1787493412108,normal,qsort_512,normal,0,ok,inf,inf,2,inf,664,55972
1787493412108,normal,sha_64B_em,normal,0,ok,inf,inf,1,inf,665,55972
1787493412108,normal,sqrt_1k,normal,0,ok,inf,inf,1,inf,666,55972
1787493412108,normal,kmeans_iter_64,normal,1,ok,inf,inf,2,inf,667,55972
1787493412109,mal,inf_loop_cpu,mal,30,trap_soft_timeout,inf,inf,1,inf,667,55972
1787493412139,mal,mem_bomb,mal,33,trap_soft_timeout,inf,inf,960,inf,667,55972
1787493412172,normal,kmeans_iter_64,normal,0,ok,inf,inf,2,inf,668,55972
1787493412172,mal,inf_loop_cpu,mal,30,trap_soft_timeout,inf,inf,1,inf,668,55972
1787493412202,mal,mem_bomb,mal,32,trap_soft_timeout,inf,inf,512,inf,668,55972
1787493412235,normal,sqrt_1k,normal,0,ok,inf,inf,1,inf,669,55972
1787493412236,mal,inf_loop_cpu,mal,30,trap_soft_timeout,inf,inf,1,inf,669,55972
1787493412266,normal,sha_64B_em,normal,0,ok,inf,inf,1,inf,670,55972
1787493412266,normal,sha_64B_em,normal,0,ok,inf,inf,1,inf,671,55972
1787493412266,mal,inf_loop_cpu,mal,30,trap_soft_timeout,inf,inf,1,inf,671,55972
1787493412296,normal,sha_64B_em,normal,0,ok,inf,inf,1,inf,672,55972
1787493412296,normal,mul_512,normal,0,ok,inf,inf,1,inf,673,55972
1787493412296,normal,kmeans_iter_64,normal,0,ok,inf,inf,2,inf,674,55972
1787493412296,mal,inf_loop_cpu,mal,30,trap_soft_timeout,inf,inf,1,inf,674,55972
1787493412326,normal,sha_64B_em,normal,0,ok,inf,inf,1,inf,675,55972
1787493412326,normal,grep_8k,normal,0,ok,inf,inf,2,inf,676,55972
1787493412326,mal,mem_bomb,mal,31,trap_soft_timeout,inf,inf,384,inf,676,55972
1787493412357,mal,syscall_probe,mal,0,ok,inf,inf,1,inf,677,55972
1787493412358,normal,sqrt_1k,normal,0,ok,inf,inf,1,inf,678,55972
1787493412358,mal,mem_bomb,mal,30,trap_soft_timeout,inf,inf,576,inf,678,55972
1787493412388,mal,stack_blow,mal,4,trap_oom_crash,inf,inf,0,inf,678,55972
1787493412392,mal,inf_loop_cpu,mal,30,trap_soft_timeout,inf,inf,1,inf,678,55972
1787493412422,normal,fib_25,normal,4,ok,inf,inf,1,inf,679,55972
1787493412426,mal,inf_loop_cpu,mal,30,trap_soft_timeout,inf,inf,1,inf,679,55972
1787493412456,normal,sqrt_1k,normal,0,ok,inf,inf,1,inf,680,55972
1787493412456,mal,mem_bomb,mal,32,trap_soft_timeout,inf,inf,640,inf,680,55972
1787493412488,mal,inf_loop_cpu,mal,30,trap_soft_timeout,inf,inf,1,inf,680,55972
1787493412518,normal,sqrt_1k,normal,0,ok,inf,inf,1,inf,681,55972
1787493412518,normal,grep_8k,normal,0,ok,inf,inf,2,inf,682,55972
1787493412518,normal,sum_u64_16k,normal,0,ok,inf,inf,4,inf,683,55972
1787493412518,normal,mat_8x8,normal,0,ok,inf,inf,1,inf,684,55972
1787493412518,normal,fib_25,normal,4,ok,inf,inf,1,inf,685,55972
1787493412522,mal,mem_bomb,mal,31,trap_soft_timeout,inf,inf,704,inf,685,55996
1787493412553,normal,mat_8x8,normal,0,ok,inf,inf,1,inf,686,55996
1787493412553,mal,stack_blow,mal,3,trap_oom_crash,inf,inf,0,inf,686,55996
1787493412556,normal,sha_64B_em,normal,0,ok,inf,inf,1,inf,687,55996
1787493412556,mal,mem_bomb,mal,31,trap_soft_timeout,inf,inf,640,inf,687,55996
1787493412587,mal,inf_loop_cpu,mal,30,trap_soft_timeout,inf,inf,1,inf,687,55996
1787493412617,mal,stack_blow,mal,2,trap_oom_crash,inf,inf,0,inf,687,55996
1787493412619,mal,inf_loop_cpu,mal,30,trap_soft_timeout,inf,inf,1,inf,687,55996
1787493412649,normal,mul_512,normal,0,ok,inf,inf,1,inf,688,55996
1787493412649,normal,mat_8x8,normal,0,ok,inf,inf,1,inf,689,55996
1787493412649,mal,syscall_probe,mal,0,ok,inf,inf,1,inf,690,55996
1787493412649,normal,kmeans_iter_64,normal,0,ok,inf,inf,2,inf,691,55996
1787493412649,normal,sqrt_1k,normal,0,ok,inf,inf,1,inf,692,55996
1787493412650,mal,mem_bomb,mal,31,trap_soft_timeout,inf,inf,512,inf,692,55996
1787493412681,mal,stack_blow,mal,4,trap_oom_crash,inf,inf,0,inf,692,55996
1787493412686,mal,stack_blow,mal,3,trap_oom_crash,inf,inf,0,inf,692,55996
1787493412690,mal,inf_loop_cpu,mal,30,trap_soft_timeout,inf,inf,1,inf,692,55996
1787493412720,normal,grep_8k,normal,0,ok,inf,inf,2,inf,693,55996
1787493412720,mal,stack_blow,mal,3,trap_oom_crash,inf,inf,0,inf,693,55996
1787493412723,normal,grep_8k,normal,1,ok,inf,inf,2,inf,694,55996
1787493412724,normal,kmeans_iter_64,normal,0,ok,inf,inf,2,inf,695,55996
1787493412724,normal,add_1024,normal,0,ok,inf,inf,1,inf,696,55996
1787493412724,mal,inf_loop_cpu,mal,30,trap_soft_timeout,inf,inf,1,inf,696,55996
1787493412754,mal,mem_bomb,mal,33,trap_soft_timeout,inf,inf,640,inf,696,55996
1787493412787,normal,sha_64B_em,normal,0,ok,inf,inf,1,inf,697,55996
1787493412787,normal,mul_512,normal,0,ok,inf,inf,1,inf,698,55996
1787493412787,normal,grep_8k,normal,0,ok,inf,inf,2,inf,699,55996
1787493412787,mal,mem_bomb,mal,31,trap_soft_timeout,inf,inf,640,inf,699,55996
1787493412818,normal,fib_25,normal,5,ok,inf,inf,1,inf,700,55996
1787493412823,normal,sum_u64_16k,normal,0,ok,inf,inf,4,inf,701,55996
1787493412823,normal,sha_64B_em,normal,0,ok,inf,inf,1,inf,702,55996
1787493412823,normal,conv_16_16,normal,0,ok,inf,inf,3,inf,703,55996
1787493412823,mal,syscall_probe,mal,0,ok,inf,inf,1,inf,704,55996
1787493412823,normal,kmeans_iter_64,normal,0,ok,inf,inf,2,inf,705,55996
1787493412823,normal,sum_u64_16k,normal,0,ok,inf,inf,4,inf,706,55996
1787493412823,normal,sum_u64_16k,normal,0,ok,inf,inf,4,inf,707,55996
1787493412823,normal,rsort_1k,normal,5,ok,inf,inf,2,inf,708,56076
1787493412828,mal,inf_loop_cpu,mal,30,trap_soft_timeout,inf,inf,1,inf,708,56076
1787493412858,mal,stack_blow,mal,3,trap_oom_crash,inf,inf,0,inf,708,56076
1787493412861,normal,conv_16_16,normal,0,ok,inf,inf,3,inf,709,56076
1787493412861,normal,sqrt_1k,normal,0,ok,inf,inf,1,inf,710,56076
1787493412861,mal,inf_loop_cpu,mal,32,trap_soft_timeout,inf,inf,1,inf,710,56076
1787493412893,mal,mem_bomb,mal,41,trap_soft_timeout,inf,inf,960,inf,710,56092
1787493412934,mal,mem_bomb,mal,30,trap_soft_timeout,inf,inf,576,inf,710,56096
1787493412964,normal,sqrt_1k,normal,0,ok,inf,inf,1,inf,711,56096
1787493412964,mal,inf_loop_cpu,mal,30,trap_soft_timeout,inf,inf,1,inf,711,56096
1787493412994,normal,qsort_512,normal,0,ok,inf,inf,2,inf,712,56096
1787493412994,mal,inf_loop_cpu,mal,30,trap_soft_timeout,inf,inf,1,inf,712,56096
1787493413024,normal,fib_25,normal,2,ok,inf,inf,1,inf,713,56096
1787493413026,mal,mem_bomb,mal,32,trap_soft_timeout,inf,inf,576,inf,713,56096
1787493413058,normal,sha_64B_em,normal,0,ok,inf,inf,1,inf,714,56096
1787493413058,mal,inf_loop_cpu,mal,30,trap_soft_timeout,inf,inf,1,inf,714,56096
1787493413088,normal,add_1024,normal,0,ok,inf,inf,1,inf,715,56096
1787493413088,mal,inf_loop_cpu,mal,30,trap_soft_timeout,inf,inf,1,inf,715,56096
1787493413118,mal,inf_loop_cpu,mal,30,trap_soft_timeout,inf,inf,1,inf,715,56096
1787493413148,normal,kmeans_iter_64,normal,0,ok,inf,inf,2,inf,716,56096
1787493413148,normal,fib_25,normal,5,ok,inf,inf,1,inf,717,56096
1787493413153,mal,mem_bomb,mal,31,trap_soft_timeout,inf,inf,640,inf,717,56096
1787493413185,mal,stack_blow,mal,3,trap_oom_crash,inf,inf,0,inf,717,56096
1787493413188,mal,syscall_probe,mal,0,ok,inf,inf,1,inf,718,56096
1787493413188,mal,stack_blow,mal,4,trap_oom_crash,inf,inf,0,inf,718,56096
1787493413192,normal,kmeans_iter_64,normal,0,ok,inf,inf,2,inf,719,56096
1787493413192,normal,conv_16_16,normal,0,ok,inf,inf,3,inf,720,56096
1787493413192,mal,inf_loop_cpu,mal,30,trap_soft_timeout,inf,inf,1,inf,720,56096
1787493413222,mal,inf_loop_cpu,mal,30,trap_soft_timeout,inf,inf,1,inf,720,56096
1787493413252,mal,inf_loop_cpu,mal,30,trap_soft_timeout,inf,inf,1,inf,720,56096
1787493413282,normal,grep_8k,normal,0,ok,inf,inf,2,inf,721,56096
1787493413282,normal,mat_8x8,normal,0,ok,inf,inf,1,inf,722,56096
1787493413282,normal,mat_8x8,normal,0,ok,inf,inf,1,inf,723,56096
1787493413282,normal,fib_25,normal,4,ok,inf,inf,1,inf,724,56096
1787493413286,normal,sqrt_1k,normal,0,ok,inf,inf,1,inf,725,56096
1787493413286,mal,inf_loop_cpu,mal,30,trap_soft_timeout,inf,inf,1,inf,725,56096
1787493413316,mal,inf_loop_cpu,mal,30,trap_soft_timeout,inf,inf,1,inf,725,56096
1787493413346,normal,fib_25,normal,10,ok,inf,inf,1,inf,726,56096
1787493413356,mal,inf_loop_cpu,mal,30,trap_soft_timeout,inf,inf,1,inf,726,56096
1787493413386,mal,stack_blow,mal,2,trap_oom_crash,inf,inf,0,inf,726,56096
1787493413388,normal,conv_16_16,normal,0,ok,inf,inf,3,inf,727,56096
1787493413388,normal,grep_8k,normal,1,ok,inf,inf,2,inf,728,56096
1787493413389,mal,mem_bomb,mal,34,trap_soft_timeout,inf,inf,704,inf,728,56100
1787493413423,mal,inf_loop_cpu,mal,30,trap_soft_timeout,inf,inf,1,inf,728,56100
1787493413453,mal,inf_loop_cpu,mal,30,trap_soft_timeout,inf,inf,1,inf,728,56100
1787493413483,mal,inf_loop_cpu,mal,30,trap_soft_timeout,inf,inf,1,inf,728,56100
1787493413513,mal,inf_loop_cpu,mal,30,trap_soft_timeout,inf,inf,1,inf,728,56100
1787493413543,mal,inf_loop_cpu,mal,30,trap_soft_timeout,inf,inf,1,inf,728,56100
1787493413573,mal,syscall_probe,mal,0,ok,inf,inf,1,inf,729,56100
1787493413573,normal,sha_64B_em,normal,0,ok,inf,inf,1,inf,730,56100
1787493413573,normal,fib_25,normal,7,ok,inf,inf,1,inf,731,56100
1787493413580,mal,mem_bomb,mal,32,trap_soft_timeout,inf,inf,384,inf,731,56100
1787493413612,normal,mul_512,normal,0,ok,inf,inf,1,inf,732,56100
1787493413612,mal,mem_bomb,mal,31,trap_soft_timeout,inf,inf,512,inf,732,56100
1787493413643,mal,inf_loop_cpu,mal,29,trap_soft_timeout,inf,inf,1,inf,732,56100
1787493413673,normal,kmeans_iter_64,normal,0,ok,inf,inf,2,inf,733,56100
1787493413673,normal,mat_8x8,normal,0,ok,inf,inf,1,inf,734,56100
1787493413673,normal,qsort_512,normal,1,ok,inf,inf,2,inf,735,56100
1787493413674,mal,inf_loop_cpu,mal,30,trap_soft_timeout,inf,inf,1,inf,735,56100
1787493413704,mal,mem_bomb,mal,33,trap_soft_timeout,inf,inf,832,inf,735,56100
1787493413737,mal,inf_loop_cpu,mal,30,trap_soft_timeout,inf,inf,1,inf,735,56100
1787493413767,mal,mem_bomb,mal,34,trap_soft_timeout,inf,inf,576,inf,735,56100
1787493413801,normal,qsort_512,normal,1,ok,inf,inf,2,inf,736,56100
1787493413802,normal,sqrt_1k,normal,0,ok,inf,inf,1,inf,737,56100
1787493413802,normal,sqrt_1k,normal,0,ok,inf,inf,1,inf,738,56100
1787493413802,normal,add_1024,normal,0,ok,inf,inf,1,inf,739,56100
1787493413802,mal,inf_loop_cpu,mal,30,trap_soft_timeout,inf,inf,1,inf,739,56100
1787493413832,mal,inf_loop_cpu,mal,30,trap_soft_timeout,inf,inf,1,inf,739,56100
1787493413862,mal,mem_bomb,mal,36,trap_soft_timeout,inf,inf,512,inf,739,56100
1787493413898,mal,mem_bomb,mal,38,trap_soft_timeout,inf,inf,192,inf,739,56100
1787493413936,mal,mem_bomb,mal,32,trap_soft_timeout,inf,inf,576,inf,739,56100
1787493413968,normal,kmeans_iter_64,normal,1,ok,inf,inf,2,inf,740,56100
1787493413969,normal,conv_16_16,normal,0,ok,inf,inf,3,inf,741,56100
1787493413969,mal,mem_bomb,mal,32,trap_soft_timeout,inf,inf,512,inf,741,56100
1787493414001,normal,mat_8x8,normal,0,ok,inf,inf,1,inf,742,56100
1787493414001,mal,inf_loop_cpu,mal,30,trap_soft_timeout,inf,inf,1,inf,742,56100
1787493414031,normal,mat_8x8,normal,0,ok,inf,inf,1,inf,743,56100
1787493414031,normal,rsort_1k,normal,3,ok,inf,inf,2,inf,744,56196
1787493414035,mal,mem_bomb,mal,31,trap_soft_timeout,inf,inf,896,inf,744,56196
1787493414066,mal,stack_blow,mal,3,trap_oom_crash,inf,inf,0,inf,744,56196
1787493414069,normal,fib_25,normal,3,ok,inf,inf,1,inf,745,56196
1787493414073,mal,inf_loop_cpu,mal,30,trap_soft_timeout,inf,inf,1,inf,745,56196
1787493414103,mal,inf_loop_cpu,mal,30,trap_soft_timeout,inf,inf,1,inf,745,56196
1787493414133,mal,inf_loop_cpu,mal,30,trap_soft_timeout,inf,inf,1,inf,745,56196
1787493414163,mal,inf_loop_cpu,mal,30,trap_soft_timeout,inf,inf,1,inf,745,56196
1787493414193,normal,kmeans_iter_64,normal,0,ok,inf,inf,2,inf,746,56196
1787493414193,normal,kmeans_iter_64,normal,0,ok,inf,inf,2,inf,747,56196
1787493414193,mal,inf_loop_cpu,mal,30,trap_soft_timeout,inf,inf,1,inf,747,56196
1787493414223,mal,stack_blow,mal,5,trap_oom_crash,inf,inf,0,inf,747,56196
1787493414228,normal,sqrt_1k,normal,0,ok,inf,inf,1,inf,748,56196
1787493414228,mal,stack_blow,mal,3,trap_oom_crash,inf,inf,0,inf,748,56196
1787493414231,normal,sqrt_1k,normal,0,ok,inf,inf,1,inf,749,56196
1787493414231,mal,inf_loop_cpu,mal,30,trap_soft_timeout,inf,inf,1,inf,749,56196
1787493414261,mal,inf_loop_cpu,mal,30,trap_soft_timeout,inf,inf,1,inf,749,56196
1787493414291,mal,inf_loop_cpu,mal,30,trap_soft_timeout,inf,inf,1,inf,749,56196
1787493414321,mal,inf_loop_cpu,mal,30,trap_soft_timeout,inf,inf,1,inf,749,56196
1787493414351,normal,rsort_1k,normal,2,ok,inf,inf,2,inf,750,56260
1787493414353,normal,conv_16_16,normal,0,ok,inf,inf,3,inf,751,56260
1787493414353,mal,stack_blow,mal,3,trap_oom_crash,inf,inf,0,inf,751,56260
1787493414356,normal,sum_u64_16k,normal,0,ok,inf,inf,4,inf,752,56260
1787493414356,normal,grep_8k,normal,0,ok,inf,inf,2,inf,753,56260
1787493414356,normal,add_1024,normal,0,ok,inf,inf,1,inf,754,56260
1787493414356,mal,inf_loop_cpu,mal,30,trap_soft_timeout,inf,inf,1,inf,754,56260
1787493414386,normal,qsort_512,normal,0,ok,inf,inf,2,inf,755,56260
1787493414386,mal,inf_loop_cpu,mal,30,trap_soft_timeout,inf,inf,1,inf,755,56260
1787493414416,normal,sqrt_1k,normal,0,ok,inf,inf,1,inf,756,56260
1787493414416,mal,inf_loop_cpu,mal,30,trap_soft_timeout,inf,inf,1,inf,756,56260
1787493414446,normal,sha_64B_em,normal,0,ok,inf,inf,1,inf,757,56260
1787493414446,mal,mem_bomb,mal,32,trap_soft_timeout,inf,inf,1024,inf,757,56260
1787493414478,normal,grep_8k,normal,1,ok,inf,inf,2,inf,758,56260
1787493414479,mal,inf_loop_cpu,mal,31,trap_soft_timeout,inf,inf,1,inf,758,56260
1787493414510,normal,mul_512,normal,0,ok,inf,inf,1,inf,759,56260
1787493414510,mal,inf_loop_cpu,mal,30,trap_soft_timeout,inf,inf,1,inf,759,56260
1787493414540,normal,rsort_1k,normal,3,ok,inf,inf,2,inf,760,56324
1787493414543,normal,conv_16_16,normal,0,ok,inf,inf,3,inf,761,56324
1787493414543,mal,stack_blow,mal,5,trap_oom_crash,inf,inf,0,inf,761,56324
1787493414548,mal,inf_loop_cpu,mal,30,trap_soft_timeout,inf,inf,1,inf,761,56324
1787493414578,normal,grep_8k,normal,0,ok,inf,inf,2,inf,762,56324
1787493414578,mal,inf_loop_cpu,mal,30,trap_soft_timeout,inf,inf,1,inf,762,56324
1787493414608,mal,mem_bomb,mal,36,trap_soft_timeout,inf,inf,640,inf,762,56324
1787493414644,normal,kmeans_iter_64,normal,0,ok,inf,inf,2,inf,763,56324
1787493414644,normal,fib_25,normal,2,ok,inf,inf,1,inf,764,56324
1787493414646,normal,conv_16_16,normal,1,ok,inf,inf,3,inf,765,56324
1787493414647,mal,inf_loop_cpu,mal,30,trap_soft_timeout,inf,inf,1,inf,765,56324
1787493414677,normal,rsort_1k,normal,3,ok,inf,inf,2,inf,766,56324
1787493414680,mal,mem_bomb,mal,31,trap_soft_timeout,inf,inf,576,inf,766,56324
1787493414711,mal,mem_bomb,mal,32,trap_soft_timeout,inf,inf,512,inf,766,56324
1787493414743,mal,stack_blow,mal,6,trap_oom_crash,inf,inf,0,inf,766,56324
1787493414749,mal,syscall_probe,mal,0,ok,inf,inf,1,inf,767,56324
1787493414749,mal,inf_loop_cpu,mal,30,trap_soft_timeout,inf,inf,1,inf,767,56324
1787493414779,mal,mem_bomb,mal,32,trap_soft_timeout,inf,inf,576,inf,767,56324
1787493414811,mal,stack_blow,mal,4,trap_oom_crash,inf,inf,0,inf,767,56324
1787493414815,mal,inf_loop_cpu,mal,30,trap_soft_timeout,inf,inf,1,inf,767,56324
1787493414845,mal,mem_bomb,mal,32,trap_soft_timeout,inf,inf,704,inf,767,56324
1787493414877,normal,rsort_1k,normal,7,ok,inf,inf,2,inf,768,56388
1787493414884,mal,inf_loop_cpu,mal,30,trap_soft_timeout,inf,inf,1,inf,768,56388
1787493414914,normal,conv_16_16,normal,0,ok,inf,inf,3,inf,769,56388
1787493414914,mal,stack_blow,mal,3,trap_oom_crash,inf,inf,0,inf,769,56388
1787493414918,mal,mem_bomb,mal,31,trap_soft_timeout,inf,inf,576,inf,769,56388
1787493414949,normal,add_1024,normal,0,ok,inf,inf,1,inf,770,56388
1787493414949,mal,inf_loop_cpu,mal,30,trap_soft_timeout,inf,inf,1,inf,770,56388
1787493414979,normal,grep_8k,normal,0,ok,inf,inf,2,inf,771,56388
1787493414979,normal,mul_512,normal,0,ok,inf,inf,1,inf,772,56388
1787493414979,mal,inf_loop_cpu,mal,30,trap_soft_timeout,inf,inf,1,inf,772,56388
1787493415009,mal,mem_bomb,mal,30,trap_soft_timeout,inf,inf,832,inf,772,56388
1787493415039,mal,inf_loop_cpu,mal,32,trap_soft_timeout,inf,inf,1,inf,772,56388
1787493415071,normal,mat_8x8,normal,0,ok,inf,inf,1,inf,773,56388
1787493415071,mal,inf_loop_cpu,mal,30,trap_soft_timeout,inf,inf,1,inf,773,56388
1787493415101,mal,mem_bomb,mal,32,trap_soft_timeout,inf,inf,384,inf,773,56388
1787493415133,mal,inf_loop_cpu,mal,30,trap_soft_timeout,inf,inf,1,inf,773,56388
1787493415163,mal,stack_blow,mal,3,trap_oom_crash,inf,inf,0,inf,773,56388
1787493415166,mal,inf_loop_cpu,mal,30,trap_soft_timeout,inf,inf,1,inf,773,56388
1787493415196,normal,mat_8x8,normal,0,ok,inf,inf,1,inf,774,56388
1787493415196,normal,kmeans_iter_64,normal,0,ok,inf,inf,2,inf,775,56388
1787493415196,normal,qsort_512,normal,0,ok,inf,inf,2,inf,776,56388
1787493415196,normal,mul_512,normal,0,ok,inf,inf,1,inf,777,56388
1787493415196,normal,fib_25,normal,7,ok,inf,inf,1,inf,778,56388
1787493415204,normal,mul_512,normal,0,ok,inf,inf,1,inf,779,56388
1787493415204,normal,sqrt_1k,normal,0,ok,inf,inf,1,inf,780,56388
1787493415204,normal,fib_25,normal,11,ok,inf,inf,1,inf,781,56388
1787493415215,normal,kmeans_iter_64,normal,0,ok,inf,inf,2,inf,782,56388
1787493415215,normal,sqrt_1k,normal,0,ok,inf,inf,1,inf,783,56388
1787493415215,mal,inf_loop_cpu,mal,30,trap_soft_timeout,inf,inf,1,inf,783,56388
1787493415245,mal,inf_loop_cpu,mal,30,trap_soft_timeout,inf,inf,1,inf,783,56388
1787493415275,normal,sha_64B_em,normal,0,ok,inf,inf,1,inf,784,56388
1787493415275,normal,fib_25,normal,5,ok,inf,inf,1,inf,785,56388
1787493415280,normal,qsort_512,normal,4,ok,inf,inf,2,inf,786,56388
1787493415286,mal,inf_loop_cpu,mal,30,trap_soft_timeout,inf,inf,1,inf,786,56388
1787493415316,mal,mem_bomb,mal,31,trap_soft_timeout,inf,inf,640,inf,786,56388
1787493415347,mal,inf_loop_cpu,mal,30,trap_soft_timeout,inf,inf,1,inf,786,56388
1787493415377,normal,add_1024,normal,0,ok,inf,inf,1,inf,787,56388
1787493415377,normal,grep_8k,normal,0,ok,inf,inf,2,inf,788,56388
1787493415377,normal,mul_512,normal,0,ok,inf,inf,1,inf,789,56388
1787493415377,normal,kmeans_iter_64,normal,0,ok,inf,inf,2,inf,790,56388
1787493415377,mal,inf_loop_cpu,mal,30,trap_soft_timeout,inf,inf,1,inf,790,56388
1787493415407,mal,inf_loop_cpu,mal,30,trap_soft_timeout,inf,inf,1,inf,790,56388
1787493415437,mal,mem_bomb,mal,31,trap_soft_timeout,inf,inf,512,inf,790,56388
1787493415468,mal,inf_loop_cpu,mal,31,trap_soft_timeout,inf,inf,1,inf,790,56388
1787493415499,mal,mem_bomb,mal,31,trap_soft_timeout,inf,inf,320,inf,790,56388
1787493415530,mal,mem_bomb,mal,32,trap_soft_timeout,inf,inf,512,inf,790,56388
1787493415562,normal,mul_512,normal,0,ok,inf,inf,1,inf,791,56388
1787493415562,mal,inf_loop_cpu,mal,30,trap_soft_timeout,inf,inf,1,inf,791,56388
1787493415592,mal,inf_loop_cpu,mal,30,trap_soft_timeout,inf,inf,1,inf,791,56388
1787493415623,normal,grep_8k,normal,0,ok,inf,inf,2,inf,792,56388
1787493415623,mal,stack_blow,mal,12,trap_oom_crash,inf,inf,0,inf,792,56388
1787493415635,mal,inf_loop_cpu,mal,30,trap_soft_timeout,inf,inf,1,inf,792,56388
1787493415665,normal,mul_512,normal,0,ok,inf,inf,1,inf,793,56388
1787493415665,mal,mem_bomb,mal,32,trap_soft_timeout,inf,inf,704,inf,793,56396
1787493415697,mal,inf_loop_cpu,mal,30,trap_soft_timeout,inf,inf,1,inf,793,56396
1787493415727,normal,rsort_1k,normal,3,ok,inf,inf,2,inf,794,56436
1787493415730,normal,qsort_512,normal,1,ok,inf,inf,2,inf,795,56436
1787493415731,normal,qsort_512,normal,0,ok,inf,inf,2,inf,796,56436
1787493415731,mal,inf_loop_cpu,mal,30,trap_soft_timeout,inf,inf,1,inf,796,56436
1787493415761,mal,mem_bomb,mal,36,trap_soft_timeout,inf,inf,704,inf,796,56452
1787493415798,mal,mem_bomb,mal,30,trap_soft_timeout,inf,inf,512,inf,796,56452
1787493415828,normal,sha_64B_em,normal,0,ok,inf,inf,1,inf,797,56452
1787493415828,mal,inf_loop_cpu,mal,30,trap_soft_timeout,inf,inf,1,inf,797,56452
1787493415858,mal,mem_bomb,mal,36,trap_soft_timeout,inf,inf,448,inf,797,56452
1787493415894,mal,mem_bomb,mal,34,trap_soft_timeout,inf,inf,512,inf,797,56452
1787493415928,mal,inf_loop_cpu,mal,30,trap_soft_timeout,inf,inf,1,inf,797,56452
1787493415958,mal,mem_bomb,mal,34,trap_soft_timeout,inf,inf,704,inf,797,56452
1787493415992,normal,grep_8k,normal,0,ok,inf,inf,2,inf,798,56452
1787493415992,normal,add_1024,normal,0,ok,inf,inf,1,inf,799,56452
1787493415992,normal,fib_25,normal,3,ok,inf,inf,1,inf,800,56452
1787493415996,mal,mem_bomb,mal,30,trap_soft_timeout,inf,inf,640,inf,800,56452
1787493416026,mal,inf_loop_cpu,mal,33,trap_soft_timeout,inf,inf,1,inf,800,56452
1787493416060,normal,sum_u64_16k,normal,0,ok,inf,inf,4,inf,801,56452
1787493416060,mal,mem_bomb,mal,32,trap_soft_timeout,inf,inf,448,inf,801,56452
1787493416092,normal,fib_25,normal,11,ok,inf,inf,1,inf,802,56452
1787493416103,normal,add_1024,normal,0,ok,inf,inf,1,inf,803,56452
1787493416103,normal,sum_u64_16k,normal,0,ok,inf,inf,4,inf,804,56452
1787493416103,normal,kmeans_iter_64,normal,1,ok,inf,inf,2,inf,805,56452
1787493416104,mal,inf_loop_cpu,mal,30,trap_soft_timeout,inf,inf,1,inf,805,56452
1787493416134,mal,inf_loop_cpu,mal,30,trap_soft_timeout,inf,inf,1,inf,805,56516
1787493416164,mal,mem_bomb,mal,30,trap_soft_timeout,inf,inf,512,inf,805,56516
1787493416194,mal,mem_bomb,mal,31,trap_soft_timeout,inf,inf,704,inf,805,56516
1787493416225,mal,inf_loop_cpu,mal,30,trap_soft_timeout,inf,inf,1,inf,805,56516
1787493416255,normal,qsort_512,normal,0,ok,inf,inf,2,inf,806,56516
1787493416255,mal,stack_blow,mal,7,trap_oom_crash,inf,inf,0,inf,806,56516
1787493416262,normal,rsort_1k,normal,3,ok,inf,inf,2,inf,807,56516
1787493416265,mal,inf_loop_cpu,mal,30,trap_soft_timeout,inf,inf,1,inf,807,56516
1787493416295,normal,mat_8x8,normal,0,ok,inf,inf,1,inf,808,56516
1787493416295,normal,rsort_1k,normal,3,ok,inf,inf,2,inf,809,56580
1787493416298,normal,sum_u64_16k,normal,0,ok,inf,inf,4,inf,810,56580
1787493416298,normal,add_1024,normal,0,ok,inf,inf,1,inf,811,56580
1787493416298,normal,sum_u64_16k,normal,0,ok,inf,inf,4,inf,812,56580
1787493416298,mal,inf_loop_cpu,mal,30,trap_soft_timeout,inf,inf,1,inf,812,56580
1787493416328,mal,stack_blow,mal,3,trap_oom_crash,inf,inf,0,inf,812,56580
1787493416331,mal,inf_loop_cpu,mal,30,trap_soft_timeout,inf,inf,1,inf,812,56580
1787493416361,mal,inf_loop_cpu,mal,30,trap_soft_timeout,inf,inf,1,inf,812,56580
1787493416391,normal,mat_8x8,normal,0,ok,inf,inf,1,inf,813,56580
1787493416391,normal,sha_64B_em,normal,0,ok,inf,inf,1,inf,814,56580
1787493416391,mal,mem_bomb,mal,32,trap_soft_timeout,inf,inf,832,inf,814,56580
1787493416423,mal,stack_blow,mal,3,trap_oom_crash,inf,inf,0,inf,814,56580
1787493416426,normal,grep_8k,normal,0,ok,inf,inf,2,inf,815,56580
1787493416426,normal,mul_512,normal,0,ok,inf,inf,1,inf,816,56580
1787493416426,mal,inf_loop_cpu,mal,30,trap_soft_timeout,inf,inf,1,inf,816,56580
1787493416456,mal,inf_loop_cpu,mal,30,trap_soft_timeout,inf,inf,1,inf,816,56580
1787493416486,normal,qsort_512,normal,0,ok,inf,inf,2,inf,817,56580
1787493416486,normal,rsort_1k,normal,2,ok,inf,inf,2,inf,818,56644
1787493416488,normal,fib_25,normal,5,ok,inf,inf,1,inf,819,56644
1787493416493,normal,sha_64B_em,normal,0,ok,inf,inf,1,inf,820,56644
1787493416493,mal,inf_loop_cpu,mal,30,trap_soft_timeout,inf,inf,1,inf,820,56644
1787493416523,normal,mat_8x8,normal,0,ok,inf,inf,1,inf,821,56644
1787493416523,normal,mat_8x8,normal,0,ok,inf,inf,1,inf,822,56644
1787493416523,mal,inf_loop_cpu,mal,30,trap_soft_timeout,inf,inf,1,inf,822,56644
1787493416553,normal,sha_64B_em,normal,0,ok,inf,inf,1,inf,823,56644
1787493416553,normal,fib_25,normal,3,ok,inf,inf,1,inf,824,56644
1787493416556,mal,syscall_probe,mal,0,ok,inf,inf,1,inf,825,56644
1787493416556,normal,grep_8k,normal,0,ok,inf,inf,2,inf,826,56644
1787493416556,normal,sqrt_1k,normal,0,ok,inf,inf,1,inf,827,56644
1787493416556,normal,add_1024,normal,0,ok,inf,inf,1,inf,828,56644
1787493416556,normal,sum_u64_16k,normal,0,ok,inf,inf,4,inf,829,56644
1787493416556,mal,inf_loop_cpu,mal,30,trap_soft_timeout,inf,inf,1,inf,829,56644
1787493416586,normal,sum_u64_16k,normal,0,ok,inf,inf,4,inf,830,56644
1787493416586,normal,kmeans_iter_64,normal,0,ok,inf,inf,2,inf,831,56644
1787493416586,mal,mem_bomb,mal,32,trap_soft_timeout,inf,inf,896,inf,831,56644
1787493416618,mal,inf_loop_cpu,mal,30,trap_soft_timeout,inf,inf,1,inf,831,56644
1787493416648,mal,mem_bomb,mal,30,trap_soft_timeout,inf,inf,512,inf,831,56644
1787493416678,normal,add_1024,normal,0,ok,inf,inf,1,inf,832,56644
1787493416678,normal,grep_8k,normal,0,ok,inf,inf,2,inf,833,56644
1787493416678,normal,kmeans_iter_64,normal,0,ok,inf,inf,2,inf,834,56644
1787493416678,normal,conv_16_16,normal,0,ok,inf,inf,3,inf,835,56644
1787493416678,normal,mul_512,normal,0,ok,inf,inf,1,inf,836,56644
1787493416678,normal,mat_8x8,normal,0,ok,inf,inf,1,inf,837,56644
1787493416678,mal,syscall_probe,mal,0,ok,inf,inf,1,inf,838,56644
1787493416678,mal,mem_bomb,mal,31,trap_soft_timeout,inf,inf,704,inf,838,56644
1787493416709,normal,sha_64B_em,normal,0,ok,inf,inf,1,inf,839,56644
1787493416709,normal,kmeans_iter_64,normal,0,ok,inf,inf,2,inf,840,56644
1787493416709,normal,add_1024,normal,0,ok,inf,inf,1,inf,841,56644
1787493416709,mal,mem_bomb,mal,30,trap_soft_timeout,inf,inf,512,inf,841,56644
1787493416739,mal,inf_loop_cpu,mal,30,trap_soft_timeout,inf,inf,1,inf,841,56644
1787493416769,normal,sum_u64_16k,normal,0,ok,inf,inf,4,inf,842,56644
1787493416769,mal,mem_bomb,mal,30,trap_soft_timeout,inf,inf,640,inf,842,56644
1787493416799,normal,add_1024,normal,0,ok,inf,inf,1,inf,843,56644
1787493416799,normal,mat_8x8,normal,0,ok,inf,inf,1,inf,844,56644
1787493416799,mal,stack_blow,mal,2,trap_oom_crash,inf,inf,0,inf,844,56644
1787493416801,normal,mat_8x8,normal,0,ok,inf,inf,1,inf,845,56644
1787493416801,normal,sha_64B_em,normal,0,ok,inf,inf,1,inf,846,56644
1787493416801,normal,add_1024,normal,0,ok,inf,inf,1,inf,847,56644
1787493416801,normal,conv_16_16,normal,0,ok,inf,inf,3,inf,848,56644
1787493416801,normal,sqrt_1k,normal,0,ok,inf,inf,1,inf,849,56644
1787493416801,mal,mem_bomb,mal,33,trap_soft_timeout,inf,inf,512,inf,849,56644
1787493416834,normal,conv_16_16,normal,0,ok,inf,inf,3,inf,850,56644
1787493416834,mal,inf_loop_cpu,mal,31,trap_soft_timeout,inf,inf,1,inf,850,56644
1787493416865,mal,inf_loop_cpu,mal,30,trap_soft_timeout,inf,inf,1,inf,850,56644
1787493416895,mal,stack_blow,mal,3,trap_oom_crash,inf,inf,0,inf,850,56644
1787493416898,normal,fib_25,normal,4,ok,inf,inf,1,inf,851,56644
1787493416902,mal,mem_bomb,mal,30,trap_soft_timeout,inf,inf,640,inf,851,56644
1787493416932,mal,mem_bomb,mal,31,trap_soft_timeout,inf,inf,768,inf,851,56644
1787493416963,normal,mul_512,normal,0,ok,inf,inf,1,inf,852,56644
1787493416963,normal,add_1024,normal,0,ok,inf,inf,1,inf,853,56644
1787493416963,mal,mem_bomb,mal,36,trap_soft_timeout,inf,inf,576,inf,853,56644
1787493416999,normal,grep_8k,normal,0,ok,inf,inf,2,inf,854,56644
1787493416999,normal,grep_8k,normal,0,ok,inf,inf,2,inf,855,56644
1787493416999,mal,inf_loop_cpu,mal,30,trap_soft_timeout,inf,inf,1,inf,855,56644
1787493417029,mal,stack_blow,mal,3,trap_oom_crash,inf,inf,0,inf,855,56644
1787493417032,normal,rsort_1k,normal,2,ok,inf,inf,2,inf,856,56708
1787493417034,mal,inf_loop_cpu,mal,30,trap_soft_timeout,inf,inf,1,inf,856,56708
1787493417064,normal,conv_16_16,normal,0,ok,inf,inf,3,inf,857,56708
1787493417064,mal,inf_loop_cpu,mal,30,trap_soft_timeout,inf,inf,1,inf,857,56708
1787493417094,mal,mem_bomb,mal,33,trap_soft_timeout,inf,inf,768,inf,857,56772
1787493417127,normal,rsort_1k,normal,1,ok,inf,inf,2,inf,858,56772
1787493417128,mal,mem_bomb,mal,38,trap_soft_timeout,inf,inf,640,inf,858,56772
1787493417166,normal,qsort_512,normal,0,ok,inf,inf,2,inf,859,56772
1787493417166,normal,fib_25,normal,4,ok,inf,inf,1,inf,860,56772
1787493417170,normal,sha_64B_em,normal,0,ok,inf,inf,1,inf,861,56772
1787493417170,mal,inf_loop_cpu,mal,30,trap_soft_timeout,inf,inf,1,inf,861,56772
1787493417200,mal,mem_bomb,mal,30,trap_soft_timeout,inf,inf,512,inf,861,56772
1787493417230,normal,sqrt_1k,normal,0,ok,inf,inf,1,inf,862,56772
1787493417230,normal,sqrt_1k,normal,0,ok,inf,inf,1,inf,863,56772
1787493417230,mal,inf_loop_cpu,mal,30,trap_soft_timeout,inf,inf,1,inf,863,56772
1787493417260,mal,mem_bomb,mal,33,trap_soft_timeout,inf,inf,832,inf,863,56772
1787493417293,mal,stack_blow,mal,3,trap_oom_crash,inf,inf,0,inf,863,56772
1787493417296,normal,conv_16_16,normal,1,ok,inf,inf,3,inf,864,56772
1787493417297,mal,mem_bomb,mal,33,trap_soft_timeout,inf,inf,640,inf,864,56772
1787493417330,normal,grep_8k,normal,0,ok,inf,inf,2,inf,865,56772
1787493417330,normal,add_1024,normal,0,ok,inf,inf,1,inf,866,56772
1787493417330,mal,mem_bomb,mal,31,trap_soft_timeout,inf,inf,960,inf,866,56772
1787493417361,normal,mat_8x8,normal,0,ok,inf,inf,1,inf,867,56772
1787493417361,mal,mem_bomb,mal,30,trap_soft_timeout,inf,inf,576,inf,867,56772
1787493417391,mal,mem_bomb,mal,38,trap_soft_timeout,inf,inf,448,inf,867,56772
1787493417429,normal,mul_512,normal,0,ok,inf,inf,1,inf,868,56772
1787493417429,mal,inf_loop_cpu,mal,30,trap_soft_timeout,inf,inf,1,inf,868,56772
1787493417459,mal,mem_bomb,mal,30,trap_soft_timeout,inf,inf,320,inf,868,56772
1787493417490,mal,mem_bomb,mal,33,trap_soft_timeout,inf,inf,448,inf,868,56772
1787493417524,mal,inf_loop_cpu,mal,30,trap_soft_timeout,inf,inf,1,inf,868,56772
1787493417554,mal,inf_loop_cpu,mal,30,trap_soft_timeout,inf,inf,1,inf,868,56772
1787493417584,normal,mul_512,normal,0,ok,inf,inf,1,inf,869,56772
1787493417585,normal,add_1024,normal,0,ok,inf,inf,1,inf,870,56772
1787493417585,normal,qsort_512,normal,0,ok,inf,inf,2,inf,871,56772
1787493417585,normal,grep_8k,normal,0,ok,inf,inf,2,inf,872,56772
1787493417585,mal,inf_loop_cpu,mal,30,trap_soft_timeout,inf,inf,1,inf,872,56772
1787493417615,mal,mem_bomb,mal,32,trap_soft_timeout,inf,inf,576,inf,872,56772
1787493417647,mal,mem_bomb,mal,30,trap_soft_timeout,inf,inf,512,inf,872,56772
1787493417677,normal,sha_64B_em,normal,0,ok,inf,inf,1,inf,873,56772
1787493417677,normal,mul_512,normal,0,ok,inf,inf,1,inf,874,56772
1787493417677,normal,conv_16_16,normal,0,ok,inf,inf,3,inf,875,56772
1787493417677,normal,sum_u64_16k,normal,0,ok,inf,inf,4,inf,876,56772
1787493417677,normal,sum_u64_16k,normal,0,ok,inf,inf,4,inf,877,56772
1787493417677,mal,inf_loop_cpu,mal,30,trap_soft_timeout,inf,inf,1,inf,877,56772
1787493417707,mal,inf_loop_cpu,mal,30,trap_soft_timeout,inf,inf,1,inf,877,56772
1787493417737,normal,mul_512,normal,0,ok,inf,inf,1,inf,878,56772
1787493417737,normal,sha_64B_em,normal,0,ok,inf,inf,1,inf,879,56772
1787493417737,mal,inf_loop_cpu,mal,30,trap_soft_timeout,inf,inf,1,inf,879,56772
1787493417767,normal,kmeans_iter_64,normal,0,ok,inf,inf,2,inf,880,56772
1787493417767,normal,add_1024,normal,0,ok,inf,inf,1,inf,881,56772
1787493417767,normal,mat_8x8,normal,0,ok,inf,inf,1,inf,882,56772
1787493417767,mal,mem_bomb,mal,40,trap_soft_timeout,inf,inf,832,inf,882,56772
1787493417807,mal,stack_blow,mal,2,trap_oom_crash,inf,inf,0,inf,882,56772
1787493417809,mal,mem_bomb,mal,36,trap_soft_timeout,inf,inf,192,inf,882,56772
1787493417845,normal,add_1024,normal,0,ok,inf,inf,1,inf,883,56772
1787493417845,mal,inf_loop_cpu,mal,32,trap_soft_timeout,inf,inf,1,inf,883,56772
1787493417877,normal,sum_u64_16k,normal,0,ok,inf,inf,4,inf,884,56772
1787493417877,mal,mem_bomb,mal,34,trap_soft_timeout,inf,inf,640,inf,884,56772
1787493417911,mal,inf_loop_cpu,mal,30,trap_soft_timeout,inf,inf,1,inf,884,56772
1787493417941,normal,add_1024,normal,0,ok,inf,inf,1,inf,885,56772
1787493417941,normal,conv_16_16,normal,0,ok,inf,inf,3,inf,886,56772
1787493417941,mal,mem_bomb,mal,31,trap_soft_timeout,inf,inf,640,inf,886,56772
1787493417972,mal,mem_bomb,mal,32,trap_soft_timeout,inf,inf,448,inf,886,56772
1787493418004,normal,add_1024,normal,0,ok,inf,inf,1,inf,887,56772
1787493418004,normal,mat_8x8,normal,0,ok,inf,inf,1,inf,888,56772
1787493418004,mal,inf_loop_cpu,mal,30,trap_soft_timeout,inf,inf,1,inf,888,56772
1787493418034,mal,inf_loop_cpu,mal,30,trap_soft_timeout,inf,inf,1,inf,888,56772
1787493418064,mal,inf_loop_cpu,mal,30,trap_soft_timeout,inf,inf,1,inf,888,56772
1787493418094,mal,stack_blow,mal,3,trap_oom_crash,inf,inf,0,inf,888,56772
1787493418097,normal,conv_16_16,normal,0,ok,inf,inf,3,inf,889,56772
1787493418097,normal,add_1024,normal,0,ok,inf,inf,1,inf,890,56772
1787493418097,mal,mem_bomb,mal,31,trap_soft_timeout,inf,inf,768,inf,890,56772
1787493418128,mal,inf_loop_cpu,mal,30,trap_soft_timeout,inf,inf,1,inf,890,56772
1787493418158,mal,mem_bomb,mal,31,trap_soft_timeout,inf,inf,448,inf,890,56780
1787493418189,normal,grep_8k,normal,0,ok,inf,inf,2,inf,891,56780
1787493418189,mal,syscall_probe,mal,0,ok,inf,inf,1,inf,892,56780
1787493418189,mal,inf_loop_cpu,mal,30,trap_soft_timeout,inf,inf,1,inf,892,56780
1787493418219,normal,mul_512,normal,0,ok,inf,inf,1,inf,893,56780
1787493418219,mal,stack_blow,mal,4,trap_oom_crash,inf,inf,0,inf,893,56780
1787493418223,mal,syscall_probe,mal,0,ok,inf,inf,1,inf,894,56780
1787493418223,normal,conv_16_16,normal,0,ok,inf,inf,3,inf,895,56780
1787493418223,normal,rsort_1k,normal,4,ok,inf,inf,2,inf,896,56796
1787493418227,mal,mem_bomb,mal,30,trap_soft_timeout,inf,inf,832,inf,896,56864
1787493418257,mal,inf_loop_cpu,mal,30,trap_soft_timeout,inf,inf,1,inf,896,56864
1787493418287,mal,mem_bomb,mal,31,trap_soft_timeout,inf,inf,640,inf,896,56864
1787493418318,mal,inf_loop_cpu,mal,31,trap_soft_timeout,inf,inf,1,inf,896,56864
1787493418350,mal,mem_bomb,mal,35,trap_soft_timeout,inf,inf,384,inf,896,56864
1787493418385,normal,sum_u64_16k,normal,0,ok,inf,inf,4,inf,897,56864
1787493418385,mal,mem_bomb,mal,30,trap_soft_timeout,inf,inf,512,inf,897,56864
1787493418415,normal,kmeans_iter_64,normal,0,ok,inf,inf,2,inf,898,56864
1787493418415,mal,mem_bomb,mal,30,trap_soft_timeout,inf,inf,960,inf,898,56872
1787493418445,mal,inf_loop_cpu,mal,31,trap_soft_timeout,inf,inf,1,inf,898,56872
1787493418476,mal,inf_loop_cpu,mal,30,trap_soft_timeout,inf,inf,1,inf,898,56872
1787493418506,mal,syscall_probe,mal,0,ok,inf,inf,1,inf,899,56872
1787493418506,normal,add_1024,normal,0,ok,inf,inf,1,inf,900,56872
1787493418506,mal,inf_loop_cpu,mal,30,trap_soft_timeout,inf,inf,1,inf,900,56872
1787493418536,mal,inf_loop_cpu,mal,30,trap_soft_timeout,inf,inf,1,inf,900,56872
1787493418566,normal,rsort_1k,normal,2,ok,inf,inf,2,inf,901,56872
1787493418568,normal,sum_u64_16k,normal,1,ok,inf,inf,4,inf,902,56872
1787493418569,mal,inf_loop_cpu,mal,30,trap_soft_timeout,inf,inf,1,inf,902,56872
1787493418599,normal,conv_16_16,normal,0,ok,inf,inf,3,inf,903,56872
1787493418599,mal,inf_loop_cpu,mal,30,trap_soft_timeout,inf,inf,1,inf,903,56872
1787493418629,normal,sha_64B_em,normal,0,ok,inf,inf,1,inf,904,56872
1787493418629,mal,mem_bomb,mal,30,trap_soft_timeout,inf,inf,1024,inf,904,56888
1787493418659,normal,qsort_512,normal,1,ok,inf,inf,2,inf,905,56888
1787493418660,normal,add_1024,normal,0,ok,inf,inf,1,inf,906,56888
1787493418660,normal,qsort_512,normal,0,ok,inf,inf,2,inf,907,56888
1787493418660,normal,qsort_512,normal,1,ok,inf,inf,2,inf,908,56888
1787493418661,normal,sum_u64_16k,normal,0,ok,inf,inf,4,inf,909,56888
1787493418661,mal,mem_bomb,mal,31,trap_soft_timeout,inf,inf,640,inf,909,56888
1787493418692,normal,sha_64B_em,normal,0,ok,inf,inf,1,inf,910,56888
1787493418693,mal,inf_loop_cpu,mal,30,trap_soft_timeout,inf,inf,1,inf,910,56888
1787493418723,normal,grep_8k,normal,0,ok,inf,inf,2,inf,911,56888
1787493418723,mal,stack_blow,mal,13,trap_oom_crash,inf,inf,0,inf,911,56888
1787493418737,mal,inf_loop_cpu,mal,30,trap_soft_timeout,inf,inf,1,inf,911,56888
1787493418768,normal,add_1024,normal,0,ok,inf,inf,1,inf,912,56888
1787493418768,normal,sha_64B_em,normal,0,ok,inf,inf,1,inf,913,56888
1787493418768,mal,mem_bomb,mal,30,trap_soft_timeout,inf,inf,512,inf,913,56888
1787493418798,mal,stack_blow,mal,8,trap_oom_crash,inf,inf,0,inf,913,56888
1787493418806,normal,conv_16_16,normal,0,ok,inf,inf,3,inf,914,56888
1787493418806,mal,inf_loop_cpu,mal,30,trap_soft_timeout,inf,inf,1,inf,914,56888
1787493418836,normal,grep_8k,normal,0,ok,inf,inf,2,inf,915,56888
1787493418836,normal,kmeans_iter_64,normal,0,ok,inf,inf,2,inf,916,56888
1787493418836,mal,inf_loop_cpu,mal,30,trap_soft_timeout,inf,inf,1,inf,916,56888
1787493418866,mal,mem_bomb,mal,36,trap_soft_timeout,inf,inf,384,inf,916,56888
1787493418902,normal,sum_u64_16k,normal,0,ok,inf,inf,4,inf,917,56888
1787493418902,mal,mem_bomb,mal,30,trap_soft_timeout,inf,inf,640,inf,917,56888
1787493418932,normal,mat_8x8,normal,0,ok,inf,inf,1,inf,918,56888
1787493418932,normal,add_1024,normal,0,ok,inf,inf,1,inf,919,56888
1787493418932,normal,sha_64B_em,normal,0,ok,inf,inf,1,inf,920,56888
1787493418932,mal,stack_blow,mal,9,trap_oom_crash,inf,inf,0,inf,920,56888
1787493418941,mal,inf_loop_cpu,mal,31,trap_soft_timeout,inf,inf,1,inf,920,56888
1787493418972,mal,inf_loop_cpu,mal,30,trap_soft_timeout,inf,inf,1,inf,920,56888
1787493419002,mal,stack_blow,mal,2,trap_oom_crash,inf,inf,0,inf,920,56888
1787493419004,mal,inf_loop_cpu,mal,30,trap_soft_timeout,inf,inf,1,inf,920,56888
1787493419034,normal,sha_64B_em,normal,0,ok,inf,inf,1,inf,921,56888
1787493419034,normal,add_1024,normal,0,ok,inf,inf,1,inf,922,56888
1787493419034,mal,mem_bomb,mal,34,trap_soft_timeout,inf,inf,704,inf,922,56888
1787493419068,mal,mem_bomb,mal,32,trap_soft_timeout,inf,inf,576,inf,922,56888
1787493419100,mal,inf_loop_cpu,mal,30,trap_soft_timeout,inf,inf,1,inf,922,56888
1787493419130,normal,conv_16_16,normal,0,ok,inf,inf,3,inf,923,56888
1787493419130,mal,mem_bomb,mal,32,trap_soft_timeout,inf,inf,576,inf,923,56888
1787493419162,mal,inf_loop_cpu,mal,30,trap_soft_timeout,inf,inf,1,inf,923,56888
1787493419192,mal,inf_loop_cpu,mal,30,trap_soft_timeout,inf,inf,1,inf,923,56888
1787493419222,mal,inf_loop_cpu,mal,30,trap_soft_timeout,inf,inf,1,inf,923,56888
1787493419252,normal,rsort_1k,normal,2,ok,inf,inf,2,inf,924,56932
1787493419254,normal,mul_512,normal,0,ok,inf,inf,1,inf,925,56932
1787493419254,mal,inf_loop_cpu,mal,30,trap_soft_timeout,inf,inf,1,inf,925,56932
1787493419284,normal,rsort_1k,normal,6,ok,inf,inf,2,inf,926,57008
1787493419291,mal,mem_bomb,mal,31,trap_soft_timeout,inf,inf,832,inf,926,57008
1787493419322,normal,mul_512,normal,0,ok,inf,inf,1,inf,927,57008
1787493419322,mal,stack_blow,mal,5,trap_oom_crash,inf,inf,0,inf,927,57008
1787493419327,mal,mem_bomb,mal,32,trap_soft_timeout,inf,inf,640,inf,927,57008
1787493419359,normal,mul_512,normal,0,ok,inf,inf,1,inf,928,57008
1787493419359,mal,stack_blow,mal,3,trap_oom_crash,inf,inf,0,inf,928,57008
1787493419362,normal,fib_25,normal,3,ok,inf,inf,1,inf,929,57008
1787493419365,mal,mem_bomb,mal,33,trap_soft_timeout,inf,inf,512,inf,929,57008
1787493419398,mal,mem_bomb,mal,41,trap_soft_timeout,inf,inf,448,inf,929,57008
1787493419439,mal,stack_blow,mal,5,trap_oom_crash,inf,inf,0,inf,929,57008
1787493419445,mal,inf_loop_cpu,mal,30,trap_soft_timeout,inf,inf,1,inf,929,57008
1787493419475,normal,mul_512,normal,0,ok,inf,inf,1,inf,930,57008
1787493419475,normal,fib_25,normal,4,ok,inf,inf,1,inf,931,57008
1787493419479,mal,stack_blow,mal,5,trap_oom_crash,inf,inf,0,inf,931,57008
1787493419484,normal,sum_u64_16k,normal,0,ok,inf,inf,4,inf,932,57008
1787493419484,normal,sqrt_1k,normal,0,ok,inf,inf,1,inf,933,57008
1787493419484,normal,conv_16_16,normal,0,ok,inf,inf,3,inf,934,57008
1787493419484,mal,inf_loop_cpu,mal,30,trap_soft_timeout,inf,inf,1,inf,934,57008
1787493419514,mal,stack_blow,mal,5,trap_oom_crash,inf,inf,0,inf,934,57008
1787493419519,normal,sqrt_1k,normal,0,ok,inf,inf,1,inf,935,57008
1787493419519,normal,grep_8k,normal,0,ok,inf,inf,2,inf,936,57008
1787493419519,normal,mul_512,normal,0,ok,inf,inf,1,inf,937,57008
1787493419519,normal,sha_64B_em,normal,0,ok,inf,inf,1,inf,938,57008
1787493419519,normal,sqrt_1k,normal,0,ok,inf,inf,1,inf,939,57008
1787493419519,mal,mem_bomb,mal,34,trap_soft_timeout,inf,inf,448,inf,939,57008
1787493419553,normal,conv_16_16,normal,0,ok,inf,inf,3,inf,940,57008
1787493419553,mal,inf_loop_cpu,mal,30,trap_soft_timeout,inf,inf,1,inf,940,57008
1787493419583,mal,syscall_probe,mal,0,ok,inf,inf,1,inf,941,57008
1787493419583,mal,mem_bomb,mal,30,trap_soft_timeout,inf,inf,576,inf,941,57008
1787493419613,normal,conv_16_16,normal,0,ok,inf,inf,3,inf,942,57008
1787493419613,mal,mem_bomb,mal,31,trap_soft_timeout,inf,inf,576,inf,942,57008
1787493419644,normal,qsort_512,normal,0,ok,inf,inf,2,inf,943,57008
1787493419644,normal,sqrt_1k,normal,0,ok,inf,inf,1,inf,944,57008
1787493419644,normal,sum_u64_16k,normal,0,ok,inf,inf,4,inf,945,57008
1787493419644,mal,mem_bomb,mal,31,trap_soft_timeout,inf,inf,896,inf,945,57008
1787493419675,mal,inf_loop_cpu,mal,30,trap_soft_timeout,inf,inf,1,inf,945,57008
1787493419705,mal,syscall_probe,mal,0,ok,inf,inf,1,inf,946,57008
1787493419705,mal,mem_bomb,mal,31,trap_soft_timeout,inf,inf,768,inf,946,57008
1787493419736,normal,fib_25,normal,2,ok,inf,inf,1,inf,947,57008
1787493419739,mal,mem_bomb,mal,32,trap_soft_timeout,inf,inf,576,inf,947,57008
1787493419771,mal,inf_loop_cpu,mal,30,trap_soft_timeout,inf,inf,1,inf,947,57008
1787493419801,normal,qsort_512,normal,1,ok,inf,inf,2,inf,948,57008
1787493419802,normal,grep_8k,normal,1,ok,inf,inf,2,inf,949,57008
1787493419803,normal,mat_8x8,normal,0,ok,inf,inf,1,inf,950,57008
1787493419803,mal,mem_bomb,mal,31,trap_soft_timeout,inf,inf,576,inf,950,57012
1787493419834,normal,mat_8x8,normal,0,ok,inf,inf,1,inf,951,57012
1787493419834,mal,inf_loop_cpu,mal,30,trap_soft_timeout,inf,inf,1,inf,951,57012
1787493419864,normal,fib_25,normal,5,ok,inf,inf,1,inf,952,57012
1787493419869,mal,stack_blow,mal,4,trap_oom_crash,inf,inf,0,inf,952,57012
1787493419873,normal,kmeans_iter_64,normal,0,ok,inf,inf,2,inf,953,57012
1787493419873,normal,grep_8k,normal,0,ok,inf,inf,2,inf,954,57012
1787493419873,normal,mat_8x8,normal,0,ok,inf,inf,1,inf,955,57012
1787493419873,mal,stack_blow,mal,4,trap_oom_crash,inf,inf,0,inf,955,57012
1787493419877,mal,stack_blow,mal,3,trap_oom_crash,inf,inf,0,inf,955,57012
1787493419880,normal,mul_512,normal,0,ok,inf,inf,1,inf,956,57012
1787493419880,mal,mem_bomb,mal,32,trap_soft_timeout,inf,inf,896,inf,956,57012
1787493419912,normal,kmeans_iter_64,normal,1,ok,inf,inf,2,inf,957,57012
1787493419913,mal,mem_bomb,mal,32,trap_soft_timeout,inf,inf,640,inf,957,57076
1787493419945,normal,add_1024,normal,0,ok,inf,inf,1,inf,958,57076
1787493419945,normal,mul_512,normal,0,ok,inf,inf,1,inf,959,57076
1787493419945,mal,stack_blow,mal,3,trap_oom_crash,inf,inf,0,inf,959,57076
1787493419948,mal,inf_loop_cpu,mal,30,trap_soft_timeout,inf,inf,1,inf,959,57076
1787493419978,mal,mem_bomb,mal,33,trap_soft_timeout,inf,inf,832,inf,959,57084
1787493420011,normal,fib_25,normal,4,ok,inf,inf,1,inf,960,57084
1787493420016,normal,grep_8k,normal,0,ok,inf,inf,2,inf,961,57084
1787493420016,normal,rsort_1k,normal,3,ok,inf,inf,2,inf,962,57164
1787493420019,normal,grep_8k,normal,1,ok,inf,inf,2,inf,963,57164
1787493420020,normal,conv_16_16,normal,0,ok,inf,inf,3,inf,964,57164
1787493420020,mal,inf_loop_cpu,mal,30,trap_soft_timeout,inf,inf,1,inf,964,57164
1787493420050,normal,rsort_1k,normal,2,ok,inf,inf,2,inf,965,57228
1787493420052,normal,sqrt_1k,normal,0,ok,inf,inf,1,inf,966,57228
1787493420052,mal,mem_bomb,mal,30,trap_soft_timeout,inf,inf,896,inf,966,57256
1787493420082,normal,kmeans_iter_64,normal,1,ok,inf,inf,2,inf,967,57256
1787493420083,normal,mat_8x8,normal,0,ok,inf,inf,1,inf,968,57256
1787493420083,mal,syscall_probe,mal,0,ok,inf,inf,1,inf,969,57256
1787493420083,normal,rsort_1k,normal,3,ok,inf,inf,2,inf,970,57348
1787493420086,mal,inf_loop_cpu,mal,30,trap_soft_timeout,inf,inf,1,inf,970,57348
1787493420116,mal,inf_loop_cpu,mal,30,trap_soft_timeout,inf,inf,1,inf,970,57348
1787493420146,normal,sqrt_1k,normal,0,ok,inf,inf,1,inf,971,57348
1787493420146,normal,fib_25,normal,5,ok,inf,inf,1,inf,972,57348
1787493420151,mal,mem_bomb,mal,30,trap_soft_timeout,inf,inf,768,inf,972,57348
1787493420181,normal,rsort_1k,normal,4,ok,inf,inf,2,inf,973,57348
1787493420185,normal,conv_16_16,normal,0,ok,inf,inf,3,inf,974,57348
1787493420185,normal,qsort_512,normal,0,ok,inf,inf,2,inf,975,57348
1787493420185,normal,mul_512,normal,0,ok,inf,inf,1,inf,976,57348
1787493420185,mal,mem_bomb,mal,35,trap_soft_timeout,inf,inf,832,inf,976,57348
1787493420220,normal,sqrt_1k,normal,0,ok,inf,inf,1,inf,977,57348
1787493420220,normal,kmeans_iter_64,normal,1,ok,inf,inf,2,inf,978,57348
1787493420221,normal,sha_64B_em,normal,0,ok,inf,inf,1,inf,979,57348
1787493420221,mal,mem_bomb,mal,30,trap_soft_timeout,inf,inf,640,inf,979,57348
1787493420251,normal,sha_64B_em,normal,0,ok,inf,inf,1,inf,980,57348
1787493420251,mal,inf_loop_cpu,mal,31,trap_soft_timeout,inf,inf,1,inf,980,57428
1787493420283,normal,add_1024,normal,0,ok,inf,inf,1,inf,981,57428
1787493420283,normal,mul_512,normal,0,ok,inf,inf,1,inf,982,57428
1787493420283,normal,grep_8k,normal,0,ok,inf,inf,2,inf,983,57428
1787493420284,mal,mem_bomb,mal,32,trap_soft_timeout,inf,inf,768,inf,983,57428
1787493420316,normal,qsort_512,normal,1,ok,inf,inf,2,inf,984,57428
1787493420317,normal,qsort_512,normal,0,ok,inf,inf,2,inf,985,57428
1787493420317,normal,sum_u64_16k,normal,0,ok,inf,inf,4,inf,986,57428
1787493420317,normal,qsort_512,normal,0,ok,inf,inf,2,inf,987,57428
1787493420317,normal,qsort_512,normal,1,ok,inf,inf,2,inf,988,57428
1787493420318,normal,conv_16_16,normal,0,ok,inf,inf,3,inf,989,57428
1787493420318,normal,fib_25,normal,4,ok,inf,inf,1,inf,990,57428
1787493420322,normal,qsort_512,normal,0,ok,inf,inf,2,inf,991,57428
1787493420322,normal,sum_u64_16k,normal,0,ok,inf,inf,4,inf,992,57428
1787493420322,mal,stack_blow,mal,3,trap_oom_crash,inf,inf,0,inf,992,57428
1787493420325,mal,inf_loop_cpu,mal,30,trap_soft_timeout,inf,inf,1,inf,992,57428
1787493420355,mal,inf_loop_cpu,mal,31,trap_soft_timeout,inf,inf,1,inf,992,57428
1787493420386,normal,sha_64B_em,normal,0,ok,inf,inf,1,inf,993,57428
1787493420386,normal,grep_8k,normal,0,ok,inf,inf,2,inf,994,57428
1787493420386,normal,fib_25,normal,4,ok,inf,inf,1,inf,995,57428
1787493420390,normal,sum_u64_16k,normal,0,ok,inf,inf,4,inf,996,57428
1787493420390,mal,inf_loop_cpu,mal,32,trap_soft_timeout,inf,inf,1,inf,996,57428
1787493420422,mal,inf_loop_cpu,mal,30,trap_soft_timeout,inf,inf,1,inf,996,57428
1787493420452,mal,inf_loop_cpu,mal,31,trap_soft_timeout,inf,inf,1,inf,996,57428
1787493420483,mal,inf_loop_cpu,mal,30,trap_soft_timeout,inf,inf,1,inf,996,57428
1787493420513,mal,mem_bomb,mal,32,trap_soft_timeout,inf,inf,896,inf,996,57428
1787493420545,mal,mem_bomb,mal,31,trap_soft_timeout,inf,inf,576,inf,996,57428
1787493420576,normal,rsort_1k,normal,2,ok,inf,inf,2,inf,997,57492
1787493420578,mal,inf_loop_cpu,mal,30,trap_soft_timeout,inf,inf,1,inf,997,57492
1787493420608,normal,sha_64B_em,normal,0,ok,inf,inf,1,inf,998,57492
1787493420608,mal,inf_loop_cpu,mal,30,trap_soft_timeout,inf,inf,1,inf,998,57492
1787493420638,normal,kmeans_iter_64,normal,0,ok,inf,inf,2,inf,999,57492
1787493420638,mal,inf_loop_cpu,mal,30,trap_soft_timeout,inf,inf,1,inf,999,57492
1787493420668,mal,inf_loop_cpu,mal,30,trap_soft_timeout,inf,inf,1,inf,999,57492
1787493420698,mal,inf_loop_cpu,mal,30,trap_soft_timeout,inf,inf,1,inf,999,57492
1787493420728,normal,add_1024,normal,0,ok,inf,inf,1,inf,1000,57492
1787493420728,normal,sqrt_1k,normal,0,ok,inf,inf,1,inf,1001,57492
1787493420728,mal,mem_bomb,mal,33,trap_soft_timeout,inf,inf,896,inf,1001,57492
1787493420761,mal,inf_loop_cpu,mal,30,trap_soft_timeout,inf,inf,1,inf,1001,57492
1787493420791,mal,stack_blow,mal,3,trap_oom_crash,inf,inf,0,inf,1001,57492
1787493420794,normal,sqrt_1k,normal,0,ok,inf,inf,1,inf,1002,57492
1787493420794,mal,stack_blow,mal,3,trap_oom_crash,inf,inf,0,inf,1002,57492
1787493420797,mal,stack_blow,mal,3,trap_oom_crash,inf,inf,0,inf,1002,57492
1787493420801,mal,mem_bomb,mal,33,trap_soft_timeout,inf,inf,640,inf,1002,57492
1787493420834,mal,inf_loop_cpu,mal,30,trap_soft_timeout,inf,inf,1,inf,1002,57492
1787493420864,normal,sqrt_1k,normal,0,ok,inf,inf,1,inf,1003,57492
1787493420864,mal,inf_loop_cpu,mal,30,trap_soft_timeout,inf,inf,1,inf,1003,57492
1787493420894,normal,add_1024,normal,0,ok,inf,inf,1,inf,1004,57492
1787493420894,normal,qsort_512,normal,1,ok,inf,inf,2,inf,1005,57492
1787493420895,mal,mem_bomb,mal,33,trap_soft_timeout,inf,inf,704,inf,1005,57492
1787493420928,mal,inf_loop_cpu,mal,30,trap_soft_timeout,inf,inf,1,inf,1005,57492
1787493420958,normal,grep_8k,normal,1,ok,inf,inf,2,inf,1006,57492
1787493420959,mal,inf_loop_cpu,mal,31,trap_soft_timeout,inf,inf,1,inf,1006,57492
1787493420990,mal,mem_bomb,mal,32,trap_soft_timeout,inf,inf,576,inf,1006,57492
1787493421022,normal,grep_8k,normal,0,ok,inf,inf,2,inf,1007,57492
1787493421022,mal,mem_bomb,mal,32,trap_soft_timeout,inf,inf,576,inf,1007,57492
1787493421054,normal,qsort_512,normal,0,ok,inf,inf,2,inf,1008,57492
1787493421054,mal,mem_bomb,mal,32,trap_soft_timeout,inf,inf,640,inf,1008,57492
1787493421086,normal,mul_512,normal,0,ok,inf,inf,1,inf,1009,57492
1787493421086,normal,mat_8x8,normal,0,ok,inf,inf,1,inf,1010,57492
1787493421086,mal,mem_bomb,mal,32,trap_soft_timeout,inf,inf,640,inf,1010,57492
1787493421118,mal,mem_bomb,mal,31,trap_soft_timeout,inf,inf,512,inf,1010,57492
1787493421149,normal,qsort_512,normal,1,ok,inf,inf,2,inf,1011,57492
1787493421151,normal,conv_16_16,normal,1,ok,inf,inf,3,inf,1012,57492
1787493421152,mal,inf_loop_cpu,mal,30,trap_soft_timeout,inf,inf,1,inf,1012,57492
1787493421182,mal,inf_loop_cpu,mal,30,trap_soft_timeout,inf,inf,1,inf,1012,57492
1787493421212,normal,grep_8k,normal,0,ok,inf,inf,2,inf,1013,57492
1787493421212,normal,mat_8x8,normal,0,ok,inf,inf,1,inf,1014,57492
1787493421212,normal,add_1024,normal,0,ok,inf,inf,1,inf,1015,57492
1787493421212,mal,mem_bomb,mal,31,trap_soft_timeout,inf,inf,512,inf,1015,57492
1787493421244,normal,grep_8k,normal,0,ok,inf,inf,2,inf,1016,57492
1787493421244,mal,inf_loop_cpu,mal,30,trap_soft_timeout,inf,inf,1,inf,1016,57492
1787493421274,normal,fib_25,normal,7,ok,inf,inf,1,inf,1017,57492
1787493421281,mal,inf_loop_cpu,mal,30,trap_soft_timeout,inf,inf,1,inf,1017,57492
1787493421311,normal,qsort_512,normal,1,ok,inf,inf,2,inf,1018,57492
1787493421312,mal,mem_bomb,mal,37,trap_soft_timeout,inf,inf,512,inf,1018,57492
1787493421350,normal,mat_8x8,normal,0,ok,inf,inf,1,inf,1019,57492
1787493421350,mal,syscall_probe,mal,0,ok,inf,inf,1,inf,1020,57492
1787493421350,normal,sha_64B_em,normal,0,ok,inf,inf,1,inf,1021,57492
1787493421350,mal,mem_bomb,mal,30,trap_soft_timeout,inf,inf,640,inf,1021,57492
1787493421380,normal,sqrt_1k,normal,0,ok,inf,inf,1,inf,1022,57492
1787493421380,normal,add_1024,normal,0,ok,inf,inf,1,inf,1023,57492
1787493421380,mal,inf_loop_cpu,mal,30,trap_soft_timeout,inf,inf,1,inf,1023,57492
1787493421410,mal,stack_blow,mal,5,trap_oom_crash,inf,inf,0,inf,1023,57492
1787493421416,normal,rsort_1k,normal,2,ok,inf,inf,2,inf,1024,57556
1787493421418,mal,inf_loop_cpu,mal,30,trap_soft_timeout,inf,inf,1,inf,1024,57556
1787493421448,normal,sqrt_1k,normal,0,ok,inf,inf,1,inf,1025,57556
1787493421448,mal,inf_loop_cpu,mal,30,trap_soft_timeout,inf,inf,1,inf,1025,57556
1787493421478,mal,inf_loop_cpu,mal,30,trap_soft_timeout,inf,inf,1,inf,1025,57556
1787493421508,normal,grep_8k,normal,0,ok,inf,inf,2,inf,1026,57556
1787493421508,normal,sum_u64_16k,normal,0,ok,inf,inf,4,inf,1027,57556
1787493421508,normal,mat_8x8,normal,0,ok,inf,inf,1,inf,1028,57556
1787493421508,mal,inf_loop_cpu,mal,31,trap_soft_timeout,inf,inf,1,inf,1028,57556
1787493421539,normal,fib_25,normal,7,ok,inf,inf,1,inf,1029,57556
1787493421546,mal,mem_bomb,mal,33,trap_soft_timeout,inf,inf,832,inf,1029,57588
1787493421579,mal,mem_bomb,mal,32,trap_soft_timeout,inf,inf,768,inf,1029,57592
1787493421611,normal,qsort_512,normal,0,ok,inf,inf,2,inf,1030,57592
1787493421611,normal,add_1024,normal,0,ok,inf,inf,1,inf,1031,57592
1787493421611,normal,rsort_1k,normal,4,ok,inf,inf,2,inf,1032,57632
1787493421616,mal,inf_loop_cpu,mal,30,trap_soft_timeout,inf,inf,1,inf,1032,57632
1787493421646,normal,conv_16_16,normal,0,ok,inf,inf,3,inf,1033,57632
1787493421646,normal,sha_64B_em,normal,0,ok,inf,inf,1,inf,1034,57632
1787493421646,mal,inf_loop_cpu,mal,30,trap_soft_timeout,inf,inf,1,inf,1034,57632
1787493421676,normal,kmeans_iter_64,normal,0,ok,inf,inf,2,inf,1035,57632
1787493421676,normal,sqrt_1k,normal,0,ok,inf,inf,1,inf,1036,57632
1787493421676,mal,mem_bomb,mal,32,trap_soft_timeout,inf,inf,320,inf,1036,57648
1787493421708,mal,inf_loop_cpu,mal,30,trap_soft_timeout,inf,inf,1,inf,1036,57648
1787493421738,mal,inf_loop_cpu,mal,30,trap_soft_timeout,inf,inf,1,inf,1036,57648
1787493421768,mal,stack_blow,mal,4,trap_oom_crash,inf,inf,0,inf,1036,57648
1787493421772,mal,inf_loop_cpu,mal,31,trap_soft_timeout,inf,inf,1,inf,1036,57648
1787493421803,mal,inf_loop_cpu,mal,30,trap_soft_timeout,inf,inf,1,inf,1036,57648
1787493421833,mal,stack_blow,mal,2,trap_oom_crash,inf,inf,0,inf,1036,57648
1787493421835,mal,inf_loop_cpu,mal,30,trap_soft_timeout,inf,inf,1,inf,1036,57648
1787493421865,mal,mem_bomb,mal,34,trap_soft_timeout,inf,inf,512,inf,1036,57648
1787493421899,mal,mem_bomb,mal,32,trap_soft_timeout,inf,inf,640,inf,1036,57648
1787493421931,mal,stack_blow,mal,2,trap_oom_crash,inf,inf,0,inf,1036,57648
1787493421934,mal,mem_bomb,mal,32,trap_soft_timeout,inf,inf,384,inf,1036,57648
1787493421966,mal,inf_loop_cpu,mal,30,trap_soft_timeout,inf,inf,1,inf,1036,57648
1787493421996,mal,inf_loop_cpu,mal,30,trap_soft_timeout,inf,inf,1,inf,1036,57648
1787493422026,normal,fib_25,normal,3,ok,inf,inf,1,inf,1037,57648
1787493422029,normal,fib_25,normal,4,ok,inf,inf,1,inf,1038,57648
1787493422033,mal,mem_bomb,mal,36,trap_soft_timeout,inf,inf,832,inf,1038,57712
1787493422069,normal,fib_25,normal,10,ok,inf,inf,1,inf,1039,57712
1787493422079,normal,mat_8x8,normal,0,ok,inf,inf,1,inf,1040,57712
1787493422079,mal,inf_loop_cpu,mal,30,trap_soft_timeout,inf,inf,1,inf,1040,57712
1787493422109,mal,stack_blow,mal,2,trap_oom_crash,inf,inf,0,inf,1040,57712
1787493422112,normal,sqrt_1k,normal,0,ok,inf,inf,1,inf,1041,57712
1787493422112,normal,sha_64B_em,normal,0,ok,inf,inf,1,inf,1042,57712
1787493422112,mal,mem_bomb,mal,33,trap_soft_timeout,inf,inf,448,inf,1042,57712
1787493422145,normal,kmeans_iter_64,normal,0,ok,inf,inf,2,inf,1043,57712
1787493422145,normal,sqrt_1k,normal,0,ok,inf,inf,1,inf,1044,57712
1787493422145,normal,sum_u64_16k,normal,0,ok,inf,inf,4,inf,1045,57712
1787493422145,normal,rsort_1k,normal,5,ok,inf,inf,2,inf,1046,57712
1787493422150,mal,mem_bomb,mal,35,trap_soft_timeout,inf,inf,832,inf,1046,57712
1787493422185,mal,inf_loop_cpu,mal,30,trap_soft_timeout,inf,inf,1,inf,1046,57712

summary,ok,trap_fuel,trap_mem,trap_oom_crash,trap_soft_timeout,panics,malicious_false_escape,p50_ms,p95_ms,p99_ms,rss_kb
summary,1046,0,0,151,803,0,46,3,32,36,57732
